CT1,CT2,CT3,CT_Avg,total_current,therm_temp,vibration
23.52419281,5.926743984,4.105093956,11.18534374,33.55603027,33.21600342,1852.0
3.889111519,4.889847755,4.288525105,4.355827808,13.0674839,33.21337509,1705.0
3.686326742,4.732343674,4.251280308,4.223316669,12.66995049,33.20990753,1999.0
4.115131378,5.012572289,4.44724226,4.524981976,13.57494545,33.24610138,1776.0
3.622698069,4.393955231,3.937588215,3.984746933,11.9542408,33.26651382,1849.0
3.697249413,4.306121826,3.77786994,3.927080393,11.78124142,33.37794113,1851.0
4.288979053,4.992941856,4.38334465,4.55508852,13.66526604,33.50190735,1786.0
3.95389843,4.827144146,4.24041605,4.34048605,13.02145767,33.48906326,1731.0
4.286067963,4.979322433,4.553062439,4.606151104,13.81845284,33.56054688,1714.0
4.175338268,5.311022758,4.725606918,4.73732233,14.21196747,33.62857056,1811.0
3.52926755,4.44036293,3.893508911,3.954379797,11.86313915,33.74203491,1795.0
4.509483814,5.25099802,4.470460415,4.743647099,14.23094177,33.8364563,1968.0
4.181386948,5.269589424,4.734564781,4.728513718,14.18554115,33.94571304,1963.0
3.934803009,4.808340549,3.994959116,4.246034145,12.73810196,34.08623886,1984.0
3.565851212,4.420906544,3.84446311,3.943740129,11.83122063,34.14479446,1821.0
4.099030018,4.960826874,4.455904484,4.505253315,13.51576042,34.26085281,1728.0
4.274311543,5.401165009,4.623463631,4.766313076,14.2989397,34.38145828,1878.0
4.285452366,5.31313324,4.657149315,4.75191164,14.25573444,34.52304077,1792.0
3.561794996,4.323728085,3.817083359,3.900868654,11.7026062,34.60655975,1859.0
3.597314119,4.488661766,3.836485147,3.974153519,11.92246056,34.7422142,1865.0
3.677068949,4.399027348,3.900549889,3.992215395,11.97664642,34.87349701,1749.0
3.572198868,4.616450787,4.030081749,4.072910786,12.21873188,35.05279541,1981.0
3.483589172,4.404303074,3.932370663,3.940087557,11.82026291,35.15989304,1822.0
4.604373932,5.866589546,5.023313999,5.164759159,15.49427795,36.09934235,1799.0
4.681703568,5.574509144,4.878894329,5.045035839,15.13510704,36.1427269,1712.0
3.747184277,4.462554455,3.918327808,4.042688847,12.12806702,36.26726532,1792.0
3.478361368,4.656788349,4.074347019,4.069832325,12.20949745,36.38562012,1918.0
4.530450344,5.505393028,4.709346294,4.915063381,14.74518967,36.51062775,1793.0
4.582802296,5.666526318,4.958962917,5.069430828,15.20829201,36.61367035,1696.0
4.944514751,4.819962502,3.885277748,4.549918175,13.64975452,36.75909805,1946.0
3.577792168,4.552031517,4.110311985,4.080045223,12.24013519,36.86861801,1833.0
4.758029461,5.885278702,5.119450569,5.254252911,15.76275921,36.9600296,2057.0
4.911606789,5.506319046,4.883776188,5.100567341,15.3017025,37.14856339,1970.0
4.640430927,5.553633213,5.071239471,5.088434696,15.26530361,37.2447319,1843.0
3.705448389,4.373924255,3.802735329,3.960702658,11.88210773,37.36264038,1808.0
3.494700193,4.38498354,3.955908298,3.945197344,11.83559227,37.65696335,1845.0
3.606178522,4.467662334,3.898902655,3.990914583,11.97274399,37.71969223,1891.0
3.533200264,4.377973557,3.896394491,3.935856104,11.80756855,37.78593826,1765.0
3.786780834,4.448582649,3.865422487,4.033595085,12.10078526,37.8995018,1785.0
3.50174427,4.294939041,3.863492012,3.886725187,11.66017532,38.03077316,1775.0
4.355632305,5.586072445,5.005964279,4.982556343,14.94766903,38.28227234,2060.0
4.733198166,5.628574371,4.800243378,5.054005146,15.16201591,38.37334442,1728.0
4.59942627,5.446462631,4.981934071,5.009274006,15.02782249,38.48518372,1813.0
3.59441328,4.396254063,3.890400648,3.960355997,11.88106823,38.7101059,1811.0
3.714318514,4.383332729,3.804387569,3.967346191,11.90203857,38.70637894,1855.0
4.872523785,5.433002472,4.858726978,5.054750919,15.16425323,38.80385971,1977.0
4.621043205,5.469006062,5.003398418,5.031149387,15.09344864,38.93233109,1818.0
4.719139099,5.697947979,4.980681896,5.132589817,15.39776993,39.05078888,1981.0
3.632992506,4.400635719,3.865023851,3.966217279,11.89865208,39.18967056,1785.0
4.64637661,5.57722187,4.775396824,4.999664783,14.99899483,39.36897278,1726.0
4.727895737,5.570449352,4.980178356,5.092841625,15.2785244,39.53307343,1851.0
4.738320827,5.679608822,5.164001942,5.193977356,15.58193207,39.65991592,1741.0
3.669305563,4.465622425,3.909114361,4.014680862,12.04404259,39.73809433,1807.0
3.976574183,4.9877882,4.44870472,4.471022129,13.41306686,39.81653976,1874.0
4.726955891,5.54515934,4.856508255,5.042874813,15.12862396,39.98031998,1887.0
4.652624607,5.828246593,4.9091506,5.130007267,15.39002228,40.15810776,2000.0
3.607440472,4.519333839,4.082848072,4.06987381,12.20962143,40.18419266,1917.0
3.547693014,4.246665001,3.787351608,3.860569954,11.58170986,40.31955719,1874.0
3.478000164,4.338281631,3.896187305,3.904156446,11.7124691,40.44570923,1851.0
4.179262638,5.124318123,4.488492012,4.59735775,13.79207325,40.57739639,1891.0
4.414363861,5.19850111,4.436462879,4.683109283,14.04932785,40.7069397,1644.0
3.459241152,4.213274956,3.854044199,3.842186689,11.52655983,40.82198715,1838.0
3.579539537,4.393789768,3.913009167,3.962113142,11.88633919,40.94943619,1871.0
4.189788818,5.213651657,4.546839237,4.650093079,13.95027924,41.0828743,1978.0
4.439728737,5.061676025,4.539428234,4.680277348,14.04083252,41.22802734,1981.0
3.554027081,4.376429558,4.032145977,3.987534285,11.96260262,41.36284256,1875.0
3.485620737,4.362825871,3.854644775,3.90103054,11.70309162,41.48807907,1811.0
4.211627483,5.36845541,4.638768673,4.739616871,14.21885109,41.59494019,1925.0
4.360021114,5.135931492,4.36507225,4.620341778,13.86102486,41.7022171,1728.0
3.529441357,4.289103031,3.840651751,3.886398554,11.6591959,41.87392426,1840.0
3.484362364,4.291446209,3.802138329,3.859315634,11.57794666,41.97874832,1821.0
3.500713587,4.372898102,3.912985325,3.928865433,11.7865963,42.09565735,1963.0
4.038724422,5.167708397,4.614468098,4.606966496,13.82089996,42.1905899,1875.0
4.51635313,5.254507542,4.401468754,4.72410965,14.17232895,42.32912445,1723.0
3.578357935,4.586723804,4.065279961,4.076787472,12.23036194,42.43921661,1840.0
3.454035997,4.351231575,3.86436224,3.889876604,11.66963005,42.58213806,1781.0
3.530003786,4.301345348,3.816083431,3.882477522,11.64743233,42.71156311,1952.0
3.53000617,4.272903919,3.820809841,3.874573469,11.62372017,42.78557968,1851.0
3.443678617,4.387772083,3.90485096,3.912100554,11.73630142,42.92436218,1849.0
3.463232756,4.45641613,4.031431675,3.983693361,11.95108032,43.04565048,1920.0
3.478687763,4.505856991,4.051468372,4.012004375,12.03601265,43.25375366,1728.0
3.498418331,4.417503834,3.861385584,3.925769091,11.77730751,43.40929031,1758.0
4.014302731,4.999930859,4.309247971,4.441160679,13.32348156,43.40577316,1914.0
4.02468729,5.058801174,4.48827219,4.523920059,13.57176018,43.52104568,1932.0
4.165037632,5.119940758,4.44266367,4.575880527,13.72764206,43.62897491,1780.0
3.478119135,4.305249691,3.839168549,3.874179125,11.62253761,43.74116898,1920.0
3.540831566,4.412424088,3.889779806,3.947678566,11.8430357,43.89037704,1808.0
4.132578373,5.063089848,4.510369778,4.568679333,13.70603752,44.00523758,1920.0
4.166026592,5.165189743,4.575489044,4.635568619,13.90670586,44.11627197,1840.0
4.188779354,5.1855793,4.368310928,4.580890179,13.74267006,44.19199371,2020.0
3.438327551,4.357697964,3.862874508,3.886299849,11.65889931,44.31445694,1918.0
4.75575304,5.693894863,4.973316193,5.140987873,15.4229641,44.4142952,1712.0
3.47338295,4.216876507,3.797077417,3.829112291,11.48733711,44.53952026,1829.0
3.758898735,4.863193989,4.323068619,4.31505394,12.94516182,44.65457535,1808.0
4.762777805,5.606446266,5.026315689,5.131846905,15.39554024,44.74019241,1712.0
4.913626671,5.876752377,5.070827961,5.287068844,15.86120605,44.86235046,1697.0
4.674104214,5.643357754,5.232278347,5.183246613,15.54973984,44.96912003,1679.0
4.877185822,5.699359417,5.002788544,5.19311142,15.57933426,45.11793137,1857.0
4.968832493,6.052122593,5.549130917,5.523361683,16.57008553,45.29987717,1810.0
3.434174061,4.385808468,3.984687567,3.934890032,11.80467033,45.33338165,1890.0
3.642886639,4.265626907,3.81849575,3.909003019,11.72700882,45.55792618,1827.0
5.128712177,5.755795479,5.22832346,5.370943546,16.11283112,45.57691956,1675.0
5.0173769,5.794400692,5.39626646,5.402681351,16.20804405,45.79628372,1901.0
3.369968891,4.307306767,3.985405445,3.887560606,11.66268158,45.79558182,1878.0
3.462942839,4.205405235,3.804782867,3.82437706,11.47313118,45.91249847,1824.0
3.398776293,4.255241871,3.887316227,3.847111464,11.54133415,45.96305084,1831.0
4.022459507,4.839013577,4.41299963,4.424824238,13.27447319,46.08963776,2018.0
5.150138855,5.620268822,5.081671238,5.284026623,15.85207939,46.20186996,1865.0
4.996399879,5.632503986,5.322939396,5.317281246,15.95184326,46.33608246,1754.0
3.404992342,4.259112358,3.846056223,3.836720228,11.51016045,46.45041275,1940.0
4.827863693,5.450088978,5.009237766,5.095729828,15.28718948,46.56481171,1591.0
4.853927612,5.595749378,5.180212498,5.209962845,15.62988853,46.72020721,1808.0
4.928444386,5.46077919,5.36581707,5.251679897,15.75504017,46.82668686,1732.0
4.851539612,6.027334213,5.517875671,5.465583324,16.3967495,46.93157959,1597.0
4.873036861,6.147293568,5.507917881,5.509416103,16.52824783,47.01602936,1881.0
5.677957535,6.371886253,5.577016354,5.875619888,17.62685966,47.12622833,2137.0
3.453807354,4.172284603,3.788230181,3.804774046,11.4143219,47.29661942,1968.0
3.401522398,4.296193123,3.840348244,3.846021414,11.538064,47.31573868,1817.0
5.253902912,6.23497963,5.533517838,5.674133301,17.0223999,47.82939148,1884.0
4.133747101,4.894523144,4.653476715,4.560582638,13.68174744,47.8541069,1952.0
3.521048784,4.297813892,3.74075079,3.853204727,11.55961418,47.90926361,1949.0
3.483514071,4.078619957,3.715909004,3.759347677,11.27804279,47.95396423,1827.0
3.387625694,4.426089287,4.015067577,3.942927599,11.82878304,48.09044647,1767.0
5.271687508,6.317261696,5.59561491,5.728188038,17.18456459,48.08403397,1462.0
5.335464001,6.519492626,5.595645428,5.816867352,17.45060158,48.17757034,1987.0
3.382864714,4.155722141,3.665734529,3.734773636,11.20432091,48.20794678,1795.0
3.46772337,4.114625931,3.71650219,3.766283751,11.29885101,48.29123688,1733.0
3.373000622,4.168205738,3.799426794,3.78021121,11.34063339,48.37456894,1923.0
3.537652254,4.311229229,3.810959339,3.886613846,11.65984154,48.46321106,1878.0
4.802896023,5.868441582,5.506686687,5.392674923,16.17802429,48.58576202,1917.0
5.046636105,6.08877182,5.527660847,5.554356098,16.66306877,48.64706421,1779.0
3.519929171,4.431364059,3.883633375,3.944975615,11.83492661,48.74197006,1931.0
3.709607363,4.875124454,4.273842335,4.286191463,12.85857391,48.85708618,1977.0
5.139358997,5.95309639,5.656158924,5.58287096,16.74861336,49.006073,1998.0
4.985435486,6.224969387,5.455265522,5.555223465,16.66567039,49.11729813,1776.0
5.161896706,6.303823948,5.492242336,5.652654648,16.95796394,49.09920883,1793.0
5.071635723,6.112213612,5.423576832,5.535808563,16.60742569,49.36230087,1794.0
4.964494228,6.206199646,5.675407887,5.615367413,16.84610176,49.39436722,2074.0
3.472557783,4.202257156,3.705663681,3.793493032,11.38047886,49.48942566,1777.0
3.45294261,4.201635361,3.633388519,3.762655497,11.28796673,49.52799225,1899.0
3.457351208,4.149188042,3.743981838,3.783507109,11.35052109,49.62771988,1733.0
4.357186794,5.381523132,4.669234753,4.802648544,14.40794563,50.38772964,1872.0
4.255540371,5.252940655,4.34079504,4.616425037,13.84927559,50.43214035,1664.0
4.210278034,5.201638222,4.438405037,4.616774082,13.85032177,50.53692627,1858.0
3.33675766,4.361559868,3.9203794,3.872899055,11.61869717,50.63370132,1868.0
3.509810686,4.158764839,3.694463015,3.787679434,11.36303806,50.80355835,1851.0
3.480751514,4.29242897,3.616318464,3.796499491,11.38949871,50.84658432,1842.0
3.543926954,4.135080338,3.65226984,3.777092695,11.33127785,50.93920517,1785.0
3.398759365,4.333703518,3.914066076,3.882176399,11.6465292,51.07250595,1839.0
3.467206717,4.220211506,3.678456306,3.788624763,11.36587429,51.14173889,1998.0
3.400532246,4.192971706,3.72300148,3.772168398,11.31650543,51.25511551,1829.0
4.219194412,4.983888149,4.35883379,4.520638943,13.56191635,51.97927856,1973.0
4.214434624,5.052705288,4.367958546,4.545032501,13.6350975,51.9783783,1803.0
4.226685047,5.269577026,4.683760643,4.72667408,14.18002224,52.00395966,1894.0
3.614404678,4.264429092,3.721865654,3.866899729,11.60069942,52.04473877,1915.0
4.198159218,4.884011269,4.306352139,4.462841034,13.3885231,52.09291077,1754.0
4.256084442,4.969640732,4.429746151,4.551824093,13.6554718,52.14452362,1955.0
4.300748348,5.273231506,4.62010622,4.731361866,14.19408607,52.20433807,1790.0
3.478394747,4.167708874,3.766752005,3.804285288,11.4128561,52.27825165,1839.0
3.629522324,4.534841537,3.930934906,4.031766415,12.09529877,52.35085678,1774.0
4.198350906,5.166897774,4.753267288,4.706171989,14.11851597,52.44612122,1842.0
4.321443558,5.047832012,4.554897308,4.641391277,13.92417336,52.53033829,1921.0
3.548835993,4.171954632,3.702380896,3.807723999,11.423172,52.60837173,1844.0
3.624606609,4.181250095,3.624106646,3.809987783,11.42996311,52.67896271,1824.0
3.634786129,4.254618168,3.689479113,3.859627724,11.57888317,52.75966644,1828.0
4.513404846,5.380295753,4.818775177,4.904158592,14.71247578,52.84645462,2006.0
4.621304989,5.480902195,4.942799568,5.015002251,15.04500675,52.94225693,1526.0
4.760447979,5.332236767,5.052734375,5.048472881,15.14541912,53.04508591,1750.0
3.771177769,4.052752495,3.683502674,3.8358109,11.50743294,53.11764526,1847.0
3.507446289,4.210479259,3.663972855,3.793966293,11.38189888,53.22603607,1882.0
3.96090126,4.801025867,4.180749893,4.314225674,12.94267654,53.37792206,2114.0
4.852259159,5.682947159,5.022703648,5.18596983,15.55790901,53.40839386,1972.0
5.003346443,5.47799778,4.944843769,5.142062664,15.42618752,53.49402618,1947.0
4.960995674,5.46893692,4.860789776,5.096907139,15.29072189,53.55136108,1919.0
3.544899225,4.168900013,3.717905283,3.810568094,11.43170452,53.66875076,1769.0
4.905642509,5.479795456,4.848722935,5.078053951,15.23416138,53.74725342,1971.0
4.82508564,5.518796921,4.957417488,5.10043335,15.30130005,53.83501053,1895.0
4.856552124,5.426670074,4.972593784,5.085271835,15.25581551,53.95475006,1875.0
3.438924074,4.424918175,3.949871302,3.937904358,11.81371307,54.05313873,1806.0
3.728857756,4.582241535,3.95386982,4.088323116,12.26496887,54.18191147,2004.0
4.720986366,5.558393478,4.928940296,5.069440365,15.20832062,54.34204865,1709.0
4.787701607,5.510895729,4.956326962,5.084974766,15.25492477,54.39100647,1968.0
4.713938236,5.515163898,4.781235218,5.003446102,15.01033783,54.42124557,2213.0
3.504408836,4.138437748,3.690642834,3.777829885,11.33348942,54.55049896,1815.0
3.459326744,4.233056545,3.792729855,3.828371048,11.48511314,54.58974457,1830.0
3.471739531,4.437223911,3.869419336,3.926127434,11.7783823,54.66664124,1862.0
3.694021702,4.284199715,3.688183546,3.888801575,11.66640472,54.75933456,1887.0
3.625160217,4.195505142,3.703364611,3.841343164,11.52402973,53.2903595,1885.0
3.690680027,4.643452168,4.198555946,4.177562714,12.53268814,53.20853424,1644.0
4.839356899,5.498867989,4.851339817,5.063188076,15.18956375,53.20412064,1651.0
4.829463482,5.578549385,4.975345612,5.12778616,15.383358,53.17985153,1971.0
3.954399824,4.979745865,4.306680202,4.413608551,13.24082565,53.26138306,1957.0
4.758221149,5.944644928,5.084415913,5.262426853,15.78728104,53.2105751,1697.0
4.747592449,5.749505043,4.882725239,5.126607418,15.37982178,53.19976425,1777.0
4.635433197,5.879814625,5.157382011,5.224209785,15.67262936,53.27753448,1840.0
3.45664072,4.297959805,3.731617928,3.828739405,11.48621845,53.28241348,1872.0
3.723057747,4.519933701,3.890353203,4.044448376,12.13334465,53.35639572,2011.0
4.953725338,5.684891701,4.935698032,5.191438198,15.57431412,53.43708801,1829.0
4.995574951,5.626076221,5.061471462,5.227707386,15.68312263,53.51865768,1939.0
4.803272247,5.838164806,5.084891319,5.242109776,15.72632885,53.5750351,1872.0
3.699228048,4.271813393,3.64645648,3.872499466,11.6174984,53.62379074,1806.0
4.574158192,5.722856522,5.09384346,5.13028574,15.3908577,53.71392822,1834.0
4.77082777,5.492695332,5.159485817,5.141003132,15.42300892,53.86130142,1712.0
4.808989525,5.489924908,5.116561413,5.138492107,15.41547585,53.9210434,1863.0
3.466969252,4.33330965,3.814017773,3.871432066,11.61429596,53.99868011,1739.0
3.502254009,4.465027332,3.725130081,3.897470474,11.69241142,54.04162979,1918.0
4.211427689,5.155184746,4.47116375,4.61259222,13.83777618,54.72169495,1618.0
4.061869621,5.041860104,4.204798222,4.436175823,13.30852699,54.78466415,2067.0
3.509235144,4.245872021,3.640610456,3.79857254,11.39571762,54.85265732,1937.0
4.110476494,4.673204422,4.172818661,4.318832874,12.9564991,54.97280884,1630.0
4.17792654,5.165864944,4.446836948,4.596876144,13.79062843,55.05373001,1953.0
4.152849197,5.022166252,4.452496529,4.542503834,13.62751198,55.12369156,1829.0
3.549566031,4.215035915,3.755935431,3.840179205,11.52053738,55.21273804,1807.0
3.724400043,4.769895554,4.400111198,4.298135281,12.89440632,55.30963516,1870.0
4.203681469,5.240564346,4.550783634,4.665009975,13.99502945,55.41078949,2027.0
3.525847912,4.280773163,3.723710299,3.843443871,11.53033161,55.51527023,1808.0
3.487288952,4.205926895,3.755703688,3.816306353,11.4489193,55.59934616,1741.0
3.416057348,4.305143356,3.794038534,3.838413239,11.51523972,55.6832962,1781.0
3.762292147,4.402583122,3.81896615,3.994613647,11.98384094,56.33317184,1809.0
4.47545433,4.987003326,4.389900684,4.617452621,13.85235786,56.26865768,1616.0
4.211446762,4.872543812,4.400518417,4.49483633,13.48450851,56.25972748,2006.0
3.38757658,4.219741344,3.888712645,3.832010269,11.49603081,56.25639725,1943.0
4.149179935,4.964153767,4.355063438,4.489465714,13.46839714,56.23674011,1709.0
4.098285675,5.082421303,4.435355663,4.538687229,13.61606216,56.27610779,1726.0
4.324233532,5.058496475,4.509912968,4.630880833,13.89264297,56.20978928,1744.0
3.385689259,4.184825897,3.709992886,3.760169268,11.28050804,56.22231293,1809.0
4.178305149,5.112314224,4.450716019,4.580444813,13.74133492,56.27319717,1973.0
4.259756088,4.98287344,4.482965946,4.57519865,13.72559547,56.29818726,1861.0
3.565080643,4.303773403,3.804004431,3.890952826,11.67285824,56.35726547,1773.0
3.442372084,4.162086487,3.745944023,3.783467531,11.35040283,56.41139221,1824.0
4.278761387,4.82865715,4.353157997,4.486858845,13.46057606,56.46597672,1757.0
4.239487171,4.893708706,4.394341469,4.509179115,13.52753735,56.54721832,1788.0
3.379359245,4.217654228,3.780251265,3.792421579,11.37726498,56.62427902,1897.0
3.405916214,4.157664299,3.753741503,3.772440672,11.31732178,56.68450165,1856.0
3.498767614,4.248370647,3.789167643,3.845435143,11.53630543,56.81375504,1819.0
4.155272961,5.065145493,4.447877884,4.556098938,13.66829681,56.82056427,1790.0
4.63758564,5.660857201,4.948409557,5.082284451,15.24685287,56.89440155,1881.0
4.940200806,5.589258671,4.867483616,5.132314205,15.39694214,57.0199852,1617.0
4.970676899,5.610203266,4.97193861,5.184272766,15.5528183,57.08321381,1686.0
3.498515606,4.145714283,3.718150139,3.787460089,11.36238003,57.13170624,1753.0
4.7859025,5.398836136,4.916431427,5.033723354,15.10116959,57.28207016,1959.0
4.707647324,5.830476284,5.017085552,5.185070038,15.55521011,57.35493469,1629.0
4.56124115,5.78067112,5.301388741,5.21443367,15.64330101,57.39801407,2031.0
3.459746599,4.379141331,3.855840683,3.89824295,11.69472885,57.51894379,1863.0
4.141098976,5.176953793,4.590376854,4.636143208,13.90842915,57.61083603,1719.0
4.832079411,5.657342434,5.02555275,5.171658039,15.51497459,57.75117874,1826.0
4.668620586,5.495747566,4.954607964,5.039658546,15.11897564,57.77093124,2096.0
4.752777576,5.338913441,4.881314278,4.991001606,14.97300529,57.85014343,1505.0
3.356383324,4.217464924,3.767378807,3.780408859,11.34122658,57.90838242,1712.0
4.484152317,5.328523159,4.783783436,4.865486145,14.59645844,57.99272919,1769.0
4.687062263,5.549825191,5.109001637,5.115295887,15.34588814,58.07318878,2005.0
4.857596874,5.534541607,4.913357735,5.101831913,15.30549622,58.19940567,1889.0
4.693770885,5.335700512,4.907020092,4.978830338,14.93649101,58.24481583,1835.0
4.422623158,5.489104748,5.029485226,4.980404377,14.94121361,58.34539032,1605.0
3.401260853,4.38738203,3.730880976,3.839841127,11.51952362,58.43133545,1919.0
3.402005672,4.155245781,3.62698555,3.728078842,11.18423653,58.54924393,1744.0
3.457556963,4.109539032,3.735296726,3.767464399,11.30239296,58.60990524,1735.0
3.3688519,4.181407452,3.70513916,3.751799583,11.25539875,58.68528748,1779.0
3.621668816,4.243856907,3.718272448,3.861266136,11.58379841,58.76911545,1661.0
3.470510483,4.102053642,3.712900639,3.761821747,11.28546524,58.88887024,1913.0
4.196540356,5.05452776,4.633327007,4.628131866,13.8843956,58.97454834,2115.0
4.720860481,5.612432957,5.153460026,5.162250996,15.48675346,59.12189102,1998.0
5.137544155,5.623550892,5.159240246,5.306778431,15.92033577,59.24381638,1907.0
5.150083542,5.660716057,5.137413502,5.316071033,15.94821358,59.36223984,1775.0
3.535955191,4.347874165,3.96600914,3.949946165,11.84983826,59.33169937,1963.0
4.592661858,5.696671963,5.034039021,5.10779047,15.32337189,59.44350433,2022.0
4.721078396,5.713531017,4.876476765,5.103695393,15.31108665,59.52569962,1666.0
4.989161491,5.9602108,5.138409138,5.362594128,16.08778191,59.58688736,1744.0
3.519766331,4.226877689,3.716346264,3.820996523,11.46298981,59.67425537,1781.0
4.682261467,5.517230034,4.968405247,5.055965424,15.16789627,59.76923752,1564.0
4.568927765,5.583384514,4.962936878,5.038416386,15.11524963,59.90699768,2221.0
4.653565407,5.755107403,5.380054474,5.262908936,15.78872681,59.98692703,1880.0
3.393967152,4.257306576,3.911592722,3.854288816,11.56286621,60.01582718,1919.0
4.898708344,5.559695244,4.883916378,5.114106655,15.34231949,60.09892273,2115.0
4.659388065,5.459029675,4.955723763,5.024713993,15.0741415,60.19540787,1755.0
3.360207796,4.180447578,3.730314732,3.756989717,11.27096939,60.28847122,1638.0
3.453398228,4.123627186,3.720992565,3.766005754,11.2980175,60.42019272,1850.0
3.497268915,4.21440649,3.631531,3.781068802,11.34320641,60.46567917,1837.0
4.173762798,5.235958099,4.664166451,4.691296101,14.07388783,60.52974701,1665.0
3.721404314,4.542553902,4.018342018,4.094099998,12.2823,60.61305237,1557.0
3.384676218,4.20855999,3.812098742,3.801778078,11.40533447,60.77684402,1845.0
3.502080679,4.542504787,3.876259089,3.973614693,11.92084408,60.78542328,1803.0
4.122909546,5.002056122,4.357224941,4.494063854,13.48219109,60.88132858,1781.0
4.022208214,4.921627045,4.373570442,4.439135075,13.3174057,60.96645737,1682.0
4.305184364,5.002285957,4.364976406,4.557482243,13.6724472,61.05480194,1941.0
3.440300465,4.377023697,3.732410669,3.84991169,11.54973507,61.13055801,1851.0
4.18984127,4.782708645,4.327934265,4.433494568,13.3004837,61.22894669,1845.0
4.013614655,4.97566843,4.43351984,4.474267483,13.42280197,61.30973816,1809.0
4.855773449,5.605848789,4.401939869,4.954520702,14.86356163,61.40620804,1775.0
3.447838545,4.201090336,3.649580479,3.766169786,11.2985096,61.5325737,1710.0
3.979710817,4.991415977,4.390642643,4.453922749,13.36176872,61.56960678,1854.0
4.125416279,5.030617714,4.534592152,4.563541889,13.69062614,61.69466019,2043.0
4.153622627,5.192223549,4.723044872,4.689630508,14.06889153,61.84461594,1867.0
3.358573675,4.196498871,3.685052633,3.746708632,11.24012566,61.83777618,1836.0
3.43164897,4.223698616,3.66823554,3.774527788,11.3235836,61.88863373,1792.0
3.330079794,4.139053345,3.798141241,3.755758286,11.26727486,61.9645462,1845.0
3.578988552,4.2018466,3.680785656,3.82054019,11.46162033,62.04896545,1840.0
3.454756498,4.08630085,3.677031279,3.739362955,11.2180891,62.17981339,1839.0
3.32015419,4.172810555,3.771446705,3.754803896,11.26441193,62.27838898,1840.0
3.366834164,4.141640663,3.68220067,3.730225325,11.19067574,62.31964111,2093.0
4.073333263,5.084926605,4.641634464,4.599964619,13.79989433,62.38115692,1891.0
4.16128397,5.041582584,4.44587183,4.54957962,13.64873886,62.44696808,1600.0
3.393967628,4.420769215,3.813138723,3.875958443,11.62787533,62.55937195,1916.0
3.446323872,4.214085102,3.715917349,3.792108774,11.37632656,62.62824249,1617.0
3.422523499,4.371705055,3.828879356,3.874369383,11.62310791,62.69768143,1940.0
3.948457241,5.005146503,4.288075447,4.413893223,13.24167919,62.75772476,1693.0
4.125726223,5.07871294,4.535791397,4.580076694,13.74023056,62.83978271,1881.0
3.589535713,4.076864243,3.554287434,3.740229368,11.22068787,62.93957901,1654.0
3.350243092,4.205066681,13.71538258,7.090230942,21.27069283,63.0075531,1808.0
3.444852829,4.1998806,3.633095503,3.75927639,11.27782917,63.0896492,1849.0
5.113040447,6.012816906,5.524404049,5.550086975,16.65026093,63.13669205,1567.0
4.845952034,6.259725094,5.1367383,5.414138317,16.24241447,63.20233917,1999.0
3.900815248,4.877553463,4.342472076,4.373613834,13.12084103,63.28690338,1723.0
5.074549198,5.902385235,4.940027237,5.305654049,15.91696167,63.36349106,2032.0
4.911954403,6.092953205,4.924481392,5.309796333,15.929389,63.42378235,1611.0
4.396000385,4.659739971,4.192436218,4.416059017,13.24817657,63.49934006,1671.0
3.440820217,4.105191708,3.609997034,3.718669653,11.15600872,63.58074188,1938.0
3.459420443,4.30929184,3.910180569,3.892964125,11.67889214,63.65554428,1994.0
4.983158112,5.892502785,5.224636555,5.366765976,16.10029793,63.73704529,1923.0
5.854553223,7.418893337,6.309628487,6.527692318,19.58307648,63.80583572,1858.0
3.346696854,4.23842907,3.725509882,3.770211935,11.31063557,63.90454483,1821.0
3.485436678,4.209227085,3.664797544,3.786487341,11.35946178,63.96847534,1933.0
4.033793926,4.63065815,4.271824837,4.312092304,12.93627644,64.02844238,1831.0
4.88778019,5.988745689,5.066651344,5.314392567,15.94317722,64.10691071,1687.0
4.718849659,5.391501904,5.015135288,5.041828632,15.12548637,64.1798172,1966.0
3.435072422,4.373580456,3.803997755,3.870883703,11.61265087,64.26586151,1728.0
4.97456789,5.793518066,5.306789398,5.358291626,16.07487488,64.43699646,1505.0
4.768915176,5.905568123,5.060216904,5.244900227,15.7347002,64.4597168,1675.0
4.786259651,5.579887867,5.253232002,5.206459999,15.61938,64.60862732,1582.0
4.944981098,5.766925335,5.279479027,5.330461979,15.99138546,64.61804199,1572.0
5.103740692,5.643928051,5.118563652,5.28874445,15.86623287,64.70727539,1959.0
3.411746025,4.370571613,3.884206295,3.888841391,11.66652393,64.77360535,1867.0
3.280722618,4.010597229,3.746601343,3.679306984,11.03792095,60.38265991,1795.0
3.38063097,4.039020061,3.70671916,3.708790064,11.12637043,60.33487701,1803.0
5.13880825,5.765193939,5.302683353,5.402228832,16.20668602,60.33322144,2043.0
4.896188736,6.097338676,5.39008379,5.461204052,16.38361168,60.27975464,1685.0
4.899297714,5.664699554,5.41788578,5.32729435,15.98188305,60.24803162,1661.0
5.053420067,5.854138374,5.409133434,5.43889761,16.31669235,60.32638168,2041.0
5.18587923,5.933261395,5.294988155,5.471376419,16.41412926,60.34632111,1831.0
3.920088768,4.964161873,4.127661228,4.337303638,13.01191139,60.34643173,1702.0
3.338566065,4.100932598,3.642569065,3.694022417,11.08206749,60.35458374,1826.0
3.388110161,4.304013729,3.765944242,3.819355965,11.45806789,60.45591354,1600.0
5.004749298,6.160703659,5.381886482,5.515779972,16.54734039,60.45002365,1973.0
5.090894222,5.880188465,5.245310307,5.405464172,16.21639252,60.53929901,2022.0
3.344676256,4.061981201,3.612175226,3.672944069,11.01883221,60.49084091,1874.0
3.314526558,4.03665781,3.656720161,3.669301271,11.00790405,60.58573151,1835.0
3.323193789,3.924257994,3.519299507,3.588917017,10.76675129,60.64670563,1813.0
4.711612701,5.880062103,5.258112907,5.28326273,15.84978771,60.77049637,2086.0
4.833086014,5.818221569,5.205701351,5.285669804,15.85700989,60.76772308,1610.0
3.366389513,3.974411726,3.655612707,3.665471315,10.99641418,60.84983444,1842.0
4.162651062,5.191193581,4.67999506,4.677946568,14.03384018,60.95491409,2160.0
5.039097309,6.179634571,5.588898659,5.602543354,16.80763054,61.00788879,1926.0
5.416456223,5.714081287,5.484686852,5.538407803,16.61522293,61.09236908,1696.0
4.910826206,5.821764469,5.211694717,5.314761639,15.94428539,61.17061996,1777.0
4.903536797,5.940266609,5.212919712,5.352241039,16.05672264,61.2449379,2026.0
5.11039114,6.097151756,6.172878742,5.793473721,17.38042068,61.34797668,2000.0
3.516952753,4.042822361,3.511668682,3.690481186,11.07144356,61.40799332,1927.0
3.24283123,4.04191637,3.57345295,3.619400024,10.85820007,61.58062363,1788.0
3.378275633,4.12503624,3.505812645,3.669708252,11.00912476,61.59217072,1942.0
4.092490673,4.560947895,4.199975014,4.284471035,12.85341358,61.66989899,1584.0
3.991577864,4.910743237,4.29761219,4.399977684,13.19993305,61.78023148,1924.0
4.296612263,5.035721302,4.314225674,4.548852921,13.64655876,61.84083557,1901.0
3.244442225,3.950856924,3.689171076,3.628156662,10.88446999,61.93601227,1904.0
3.98911643,4.767519951,4.446478367,4.401038647,13.20311546,62.04426956,1925.0
4.172154903,4.84937048,4.383562088,4.468362331,13.40508747,62.19527435,1978.0
4.266755581,5.17927742,4.454755306,4.63359642,13.90078926,62.24363708,1963.0
3.242825747,4.063317776,3.755203009,3.687115669,11.06134701,62.28012085,2042.0
3.445347548,3.936699152,3.575080156,3.65237546,10.95712662,62.3705368,1877.0
3.467824697,4.025057793,3.550443172,3.681108475,11.04332542,62.47000122,1845.0
3.367344856,4.052776814,3.581690311,3.66727066,11.00181198,62.5422287,1727.0
3.316051006,4.067447186,3.611881971,3.665126801,10.9953804,62.66629791,1942.0
3.364427328,4.04786396,3.560834885,3.657708883,10.97312641,62.7334137,1769.0
3.394150019,4.187913418,3.527333975,3.703132629,11.10939789,62.79985809,1810.0
4.141300201,4.802779198,4.298154831,4.414078236,13.24223423,62.93211746,1792.0
4.183180809,4.702637672,4.248765945,4.378194809,13.13458443,62.99433136,1809.0
3.25886488,3.992517948,3.589510918,3.613631248,10.84089375,63.09033203,1827.0
3.872971296,4.759680271,4.301156998,4.311269283,12.93380833,63.14731216,2071.0
3.920646906,4.906859398,4.445477009,4.42432785,13.27298355,63.22604752,1840.0
4.02336216,5.284638405,4.438521385,4.582173824,13.74652195,63.30776215,1905.0
3.315741062,3.98000741,3.514557123,3.603435278,10.8103056,63.38853836,1852.0
3.405632973,4.099955082,3.675969362,3.727185965,11.18155766,63.43743134,1914.0
4.176347733,4.787941456,4.151020527,4.371769428,13.11530876,63.53417206,1727.0
4.072143078,4.769922256,4.311864853,4.384643555,13.15393066,63.60717392,1905.0
3.340596676,3.963997841,3.606641531,3.637078524,10.91123581,63.67605209,1817.0
3.819234371,4.597468853,4.041205406,4.152636051,12.45790863,63.78924942,1718.0
4.177919865,4.882900238,4.346148968,4.468989849,13.40696907,63.84175491,1808.0
4.302703857,4.912250519,4.389436722,4.534797192,13.6043911,63.92036438,1968.0
3.187849045,4.071535587,3.533338547,3.597574234,10.7927227,63.97750473,1814.0
4.663841724,5.367247105,4.906251907,4.979113579,14.93734074,64.56403351,1753.0
4.773560524,5.754455566,5.220341682,5.249452591,15.74835777,64.5621109,1717.0
3.307496548,3.985128641,3.597195864,3.629940271,10.88982105,64.65734863,1877.0
4.156109333,5.224898815,4.828236103,4.736414433,14.20924377,64.73495483,1987.0
4.582412243,5.54077816,4.794139385,4.972443104,14.91732979,64.79292297,1942.0
4.856847763,5.693736076,4.830592632,5.127058506,15.38117599,64.85405731,1934.0
3.500655651,4.108966827,3.559020758,3.722881079,11.168643,64.94263458,1776.0
4.603307724,5.867888927,5.167080879,5.212759495,15.63827801,65.01271057,1559.0
4.77485466,5.655664444,5.037795544,5.156105042,15.46831512,65.12109375,1709.0
3.238652229,4.175848484,3.767294407,3.72726512,11.18179512,65.17403412,1904.0
3.330087185,3.994036436,3.613301039,3.64580822,10.93742466,65.24758148,1793.0
3.46926856,4.053833008,3.533348322,3.685483217,11.05644989,65.32089996,1935.0
3.31236887,4.241579056,3.680134296,3.744693995,11.23408222,65.42185974,1901.0
3.253827095,4.017033577,3.64258337,3.63781476,10.91344452,65.50671387,1787.0
3.308273315,3.967969179,3.702877283,3.659706354,10.9791193,65.59472656,2029.0
3.324688673,3.967370749,3.62638998,3.639483213,10.9184494,65.69203949,1808.0
4.544723988,5.470394611,4.856164455,4.957094193,14.87128258,65.72651672,2007.0
4.411810398,5.59616518,5.166837215,5.058270931,15.17481232,65.84500885,1921.0
3.267554522,3.98703146,3.620612383,3.625066042,10.87519836,65.90648651,1789.0
4.723020554,5.664345741,5.186440468,5.191268921,15.57380676,65.99684906,2171.0
4.964167118,5.57433176,5.274490833,5.270996571,15.81299019,66.1125412,2134.0
3.320404768,4.064965725,3.544315815,3.643228531,10.92968559,66.15655518,1721.0
3.369495869,4.078974247,3.736389875,3.728286743,11.18486023,66.31938171,1903.0
4.734426498,5.625440598,5.008602142,5.122823238,15.36846924,66.31170654,1918.0
4.903402805,5.786658287,5.150839329,5.28030014,15.84090042,66.42969513,1678.0
5.34299612,6.09374094,5.535996914,5.657577991,16.97273445,66.48301697,1374.0
3.3796525,4.062921524,3.745662451,3.729412079,11.18823624,66.57956696,1714.0
4.420502663,5.552412033,5.005989552,4.992968082,14.97890472,66.626297,1873.0
5.048505306,5.682268143,5.371714592,5.36749649,16.10248947,66.72988892,1853.0
3.203870535,4.131197929,3.862924099,3.732664108,11.19799232,66.89718628,1780.0
3.285600185,4.041498661,3.544635296,3.623911619,10.87173462,66.88647461,1811.0
3.694585562,4.569518089,4.099431992,4.121178627,12.36353588,66.97079468,1613.0
4.147639275,4.844769478,4.259134293,4.417181015,13.25154305,67.02703857,1866.0
3.71032238,4.628750801,4.286252022,4.208441734,12.6253252,67.1131134,1981.0
3.330961227,3.965476036,3.767783165,3.688073397,11.06422043,67.1931839,1692.0
4.044062138,5.013762474,4.40318203,4.487002373,13.46100712,67.30139923,2075.0
3.97328496,4.840732574,4.568770885,4.460929394,13.3827877,67.36227417,2160.0
3.916426182,4.995854855,4.209746361,4.374009132,13.1220274,67.50879669,1695.0
3.242666006,4.094056129,3.693855286,3.67685914,11.03057766,67.50666046,1725.0
3.984547853,4.934510231,4.520540714,4.479866028,13.43959808,67.58540344,1673.0
4.180928707,4.931870461,4.381433487,4.498077393,13.49423218,67.68444824,1488.0
3.305082083,3.993717194,3.62251687,3.640438795,10.92131615,67.76557159,1859.0
3.30839467,3.913354635,3.647309303,3.623019457,10.86905861,67.86003876,1835.0
3.87827611,4.664132595,4.303429604,4.281946182,12.84583855,67.90441132,1918.0
4.042685032,4.85559988,4.469142914,4.455809116,13.36742783,67.9776001,1680.0
4.095484257,4.877563,4.408834457,4.460627079,13.38188171,68.05636597,1685.0
3.184771538,4.060631275,3.622442245,3.622615099,10.86784554,68.18309784,1862.0
3.38481164,4.400151253,3.865911484,3.883624792,11.65087414,68.24887085,2059.0
3.923743486,5.039234638,4.481377125,4.481451511,13.44435501,68.25563812,1705.0
4.080758095,5.180631161,5.075641632,4.779010296,14.33703041,68.16199493,1831.0
3.29785943,3.887085438,3.656502247,3.613816023,10.84144783,68.08666229,1830.0
3.952617645,4.871059895,4.305325985,4.376334667,13.12900352,68.05625916,1722.0
4.005191326,4.798760414,4.256111622,4.353353977,13.06006241,68.03263855,1921.0
3.237592936,4.146665573,3.757646799,3.713968277,11.14190483,68.09209442,1936.0
3.498354912,4.241992474,3.803414822,3.847920656,11.54376221,68.01789856,1777.0
4.00143528,4.810978889,4.259158611,4.357191086,13.07157326,68.0271225,1840.0
4.380953312,5.026949883,4.257293701,4.555065632,13.66519737,68.07569122,1809.0
3.22645545,4.068520069,3.590759516,3.628578186,10.88573456,68.10347748,1776.0
3.388833284,4.14202261,3.875925541,3.802260637,11.40678215,68.15412903,2012.0
4.150052547,4.783214569,4.383520603,4.438929081,13.31678772,68.1498642,1765.0
4.08147049,4.80474329,4.466841221,4.451017857,13.35305405,68.18447876,1747.0
3.189346075,3.949090004,3.741310596,3.626582384,10.87974739,68.22988129,1869.0
3.283496141,4.120784283,3.548591852,3.650957346,10.95287228,68.35906982,1979.0
3.333044767,4.023640633,3.640858889,3.665848017,10.99754429,68.32857513,1805.0
4.55122757,5.563330173,4.937613487,5.017390251,15.05217075,68.38575745,1831.0
4.628882885,5.608736992,5.212898254,5.15017271,15.45051765,68.42802429,1710.0
3.360993862,4.005349636,3.550061226,3.638801575,10.91640472,68.55532074,1835.0
4.548609257,5.360327721,4.970430374,4.959789276,14.87936783,68.63788605,1982.0
4.971720219,5.60639286,5.158302784,5.245471954,15.73641586,68.6638031,1954.0
4.924826622,6.131692886,5.573453903,5.543324947,16.62997437,68.7088089,2111.0
3.287691593,4.216884136,3.585968018,3.696847916,11.09054375,68.71138763,1744.0
3.199956656,4.18700552,3.741224766,3.709395647,11.12818718,68.7844696,1814.0
4.910831451,5.494289875,4.918373585,5.107831478,15.32349396,68.83734894,1664.0
4.841794014,5.819023132,5.13517952,5.265332222,15.79599667,68.89774323,1728.0
3.217315912,3.954205751,3.550822258,3.574114561,10.72234344,68.97374725,1861.0
4.63598156,5.340482235,4.9597435,4.978735447,14.93620682,69.0275116,1556.0
5.163000584,5.687099457,5.258750439,5.369616985,16.10885048,69.08999634,1936.0
3.291176796,3.946784496,3.591161489,3.609707594,10.82912254,69.1526947,1840.0
3.275818825,3.909433126,3.592164993,3.592472315,10.77741718,69.22796631,1742.0
3.273538589,3.93726778,3.511924982,3.574243784,10.72273159,69.27625275,1734.0
3.183847189,4.01899147,3.553815365,3.5855515,10.75665474,69.34890747,1725.0
3.281246185,4.022220135,3.598621368,3.634029388,10.90208817,69.41429901,1747.0
3.345855474,3.98605299,3.454452753,3.595453501,10.78636074,69.48719788,1743.0
3.722949743,4.287134171,3.713656902,3.907913923,11.72374153,69.57331085,1795.0
5.046389103,5.751240253,5.08065033,5.292759895,15.87827969,69.70726013,2005.0
4.748882771,5.608610153,5.520964622,5.292819023,15.87845707,69.7027359,1919.0
3.263111353,4.024367332,3.49019599,3.592558146,10.77767467,69.75255585,1751.0
4.349992752,5.387755394,4.614385605,4.784044743,14.35213375,69.82049561,1898.0
4.811652184,5.612370968,5.376084805,5.266702652,15.80010796,69.87873077,1962.0
4.891602993,6.408430576,5.20759058,5.502541065,16.50762367,69.94624329,1711.0
3.343464136,3.974411964,3.642163515,3.6533463,10.96003914,70.09866333,1826.0
4.609750748,5.862197399,5.12280035,5.198249817,15.59474945,70.15106201,1727.0
4.715473175,5.810551167,5.349906445,5.291976929,15.87593079,70.18509674,1745.0
3.3141222,3.962048054,3.588447571,3.621539354,10.8646183,70.25478363,1678.0
3.540580034,4.587464809,4.19645977,4.108168125,12.32450485,70.33885193,1917.0
5.024699211,5.626970291,5.124894619,5.258854389,15.77656364,70.41299438,1965.0
4.67287159,5.985629082,5.164614677,5.274371624,15.82311535,70.46052551,1774.0
3.414306641,3.970113039,3.495497227,3.626639128,10.87991714,70.50999451,1792.0
3.137901545,3.956697464,3.759806633,3.618135214,10.8544054,70.51605988,1842.0
4.067107677,4.935917854,4.246542454,4.416522503,13.24956703,70.60266113,2066.0
4.109614849,4.723931313,4.391484261,4.408343315,13.22502995,70.66464996,2095.0
3.265417099,3.99727726,3.58667326,3.616455793,10.84936714,70.75041962,1936.0
3.48678875,4.070806026,3.502908707,3.686834335,11.06050301,70.85204315,1872.0
3.891719818,4.773253918,4.464887619,4.37662077,13.12986183,70.87529755,1889.0
3.957520723,5.074591637,4.215897083,4.41600275,13.24800873,70.9457016,1840.0
3.277457237,3.969138145,3.639093399,3.628562927,10.88568878,71.06248474,1807.0
3.26352334,4.042738438,3.548100471,3.618120909,10.85436249,71.09807587,1726.0
4.186170101,4.817481995,4.197278023,4.40031004,13.2009306,71.14781189,1765.0
3.977213383,5.160783291,4.455802441,4.531266689,13.59379959,71.21327972,1795.0
3.468469143,4.132879257,3.656277657,3.75254178,11.25762558,71.27101135,1807.0
3.250849009,4.036383152,3.677927971,3.655053377,10.96516037,71.34541321,1725.0
4.1997118,5.004691124,4.297096729,4.500499725,13.50149918,71.47506714,1849.0
4.17747879,4.867699146,4.371480465,4.472219467,13.4166584,71.50387573,1575.0
3.419050217,4.514158726,4.179409027,4.037539005,12.11261749,71.56565857,1814.0
3.299081802,4.205095768,3.569038868,3.691072226,11.07321644,71.60121918,1886.0
3.288455963,3.972079992,3.534338474,3.598291397,10.79487419,71.66143036,1794.0
3.237186909,3.980382442,3.721628189,3.64639926,10.93919754,71.78261566,1858.0
3.22998929,4.143920422,3.747964382,3.707291365,11.12187386,71.81357574,2182.0
4.328857422,5.39210701,4.553367138,4.758110523,14.27433205,71.84806824,1808.0
3.310069561,3.919149637,3.61425066,3.614489794,10.84346962,71.90061188,1829.0
3.287340641,4.054019451,3.583482504,3.641614199,10.92484283,72.06463623,1776.0
3.339363337,4.085343838,3.595273733,3.673327208,11.01998138,72.07498932,1838.0
4.336606979,4.893142223,4.355900288,4.528549671,13.58564949,72.09978485,1687.0
4.165002823,5.199332714,4.554193497,4.639509678,13.91852951,72.15143585,1873.0
4.190948486,4.944056988,4.488973141,4.541326523,13.62397957,72.20775604,1905.0
3.405644655,4.041104794,3.526173115,3.657641172,10.97292328,72.27787018,1825.0
3.930813789,4.734799385,4.438005447,4.367872715,13.10361862,72.34117889,1937.0
4.229250431,4.890870571,4.254924297,4.458348751,13.37504578,72.33184052,1734.0
4.229609489,5.087468624,4.414721012,4.577266216,13.73179817,72.44137573,1966.0
3.304427385,4.221233845,3.676207304,3.733956337,11.20186901,72.5425415,1931.0
3.316676855,3.97660017,3.546178818,3.613151789,10.8394556,72.60485077,1766.0
3.468985558,4.013267517,3.505501509,3.66258502,10.98775482,72.650177,1559.0
4.913249493,5.696121693,4.921051025,5.176807404,15.53042221,72.74417114,1782.0
4.937459469,6.056724548,5.108760834,5.367648602,16.10294533,72.74958038,1600.0
5.186674595,5.876672268,5.845025539,5.636124134,16.90837288,72.79097748,2381.0
5.244130611,5.65148735,5.413933754,5.436517239,16.30955124,72.83666992,2000.0
5.172246933,6.190664291,5.387973309,5.583628178,16.75088501,72.89949799,1971.0
5.250683308,5.781135559,5.210604668,5.414141178,16.24242401,72.99497986,1776.0
3.198278904,4.206276417,3.664805412,3.689786911,11.06936073,73.02243042,1887.0
3.571581364,4.402676582,3.914253712,3.962837219,11.88851166,73.14124298,2094.0
3.271546125,4.051523685,3.568401814,3.630490541,10.89147186,73.34925079,1855.0
3.344429255,3.938621998,3.516692638,3.599914551,10.79974365,73.30123138,1786.0
3.314302444,4.257532597,3.677701712,3.749845505,11.24953651,73.36380768,1827.0
5.157891273,5.809988976,4.98568821,5.317856312,15.95356846,73.48943329,1591.0
5.240736008,6.101004601,4.998880863,5.446874142,16.34062195,73.49700928,2015.0
3.325632811,4.051446915,3.504347801,3.627142668,10.88142776,73.61960602,1714.0
3.53623724,4.598028183,3.896604776,4.010290146,12.03087044,73.6452713,1492.0
5.312703133,6.019032955,5.331567764,5.554434299,16.66330338,73.70555878,2061.0
5.148850441,6.103014469,5.410917759,5.554260731,16.66278267,73.77544403,1711.0
4.890968323,5.832433224,5.210360527,5.311254025,15.93376255,73.80882263,1808.0
5.506966114,6.342401505,5.301937103,5.717101574,17.15130424,73.87524414,1970.0
5.163135529,6.158780098,5.432078362,5.584664822,16.75399399,73.93480682,1872.0
3.411924124,4.042006016,3.473703623,3.642544508,10.92763329,74.00934601,2054.0
3.510879755,4.078291416,3.621400833,3.736857414,11.21057224,74.21796417,1837.0
4.707158566,5.547626019,5.03715086,5.097311497,15.29193497,74.10578156,1605.0
5.044525623,6.112163544,5.277523041,5.478070736,16.43421173,74.10309601,1446.0
5.12705946,5.729400158,5.379077911,5.411846161,16.23553848,74.04220581,1975.0
5.174602985,5.990554333,5.131984711,5.432380676,16.29714203,74.00507355,1495.0
5.083543301,6.072241306,5.44765377,5.534479618,16.60343933,73.93955994,1707.0
3.373778582,4.09216404,3.584940434,3.683627367,11.05088234,73.9229126,1955.0
3.336970091,4.089666367,3.695804596,3.707480431,11.12244129,73.95866394,1999.0
5.150631428,6.189245224,5.275001526,5.538292408,16.6148777,73.94471741,1553.0
5.57510519,5.901191711,5.196538925,5.557611942,16.6728363,73.94034576,1936.0
3.263209581,4.121388912,3.558302879,3.647633791,10.94290161,74.03025818,1737.0
3.296582222,4.104726791,3.453544617,3.618284464,10.85485363,74.03078461,1907.0
3.489599705,4.078160286,3.45939064,3.675717115,11.02715111,74.07407379,1805.0
4.973901272,5.908962727,5.194297791,5.359054089,16.07716179,74.1256485,1998.0
5.291602612,5.770824909,5.272128582,5.444852352,16.33455658,74.1324234,1617.0
3.304523468,3.909850121,3.575472593,3.596615553,10.78984642,74.19405365,1823.0
3.450026512,3.983097315,3.424996376,3.619373322,10.85811996,74.23510742,1887.0
3.361209393,4.294120312,3.551683426,3.735671043,11.20701313,74.31381226,1942.0
4.715295315,5.828090668,5.181234837,5.241540432,15.72462082,74.41118622,1807.0
4.927863598,5.696801662,5.25071907,5.291794777,15.87538433,74.42469025,1808.0
3.581568956,4.331973076,3.890097141,3.934546232,11.80363846,74.49108887,1940.0
5.132113457,6.277506828,5.248383522,5.552668095,16.65800476,74.55288696,1886.0
5.133100986,5.795758724,5.316652775,5.41517067,16.24551201,74.6481781,1520.0
3.3204,4.126467228,3.489634514,3.645500422,10.9365015,74.72445679,1807.0
3.32328248,3.967024326,3.486400127,3.592235565,10.7767067,74.80337524,1598.0
4.203283787,4.719127178,4.134740353,4.35238409,13.05715179,75.18736267,1879.0
4.309964657,4.815786362,4.236023426,4.453924656,13.36177444,75.23267365,1738.0
3.334516048,4.18242979,3.683616877,3.733520746,11.20056248,75.27709961,1734.0
3.225514889,3.992460489,3.593721867,3.603899002,10.81169701,75.32519531,1805.0
3.465642452,4.04252243,3.461246252,3.656470299,10.9694109,75.4184494,1855.0
3.257525444,4.021138668,3.535795689,3.604820013,10.8144598,75.48246002,1808.0
11.04057312,17.24590683,8.244541168,12.17700672,36.53102112,75.48827362,1765.0
3.206100702,4.151306629,3.708108187,3.688505173,11.06551552,75.61784363,1570.0
4.008934498,4.720763206,4.231556416,4.320417881,12.96125412,75.69284821,2119.0
4.054133892,4.707737923,4.143609524,4.301826954,12.90548134,75.760849,1615.0
3.254149437,4.005582809,3.539716721,3.599816322,10.79944897,75.8371582,1772.0
3.312559843,3.960722685,3.444065809,3.572449446,10.7173481,75.92238617,1858.0
3.762325287,4.766030312,4.345650196,4.291335583,12.87400627,75.94985199,1954.0
4.297574997,4.900312901,4.140155315,4.446014404,13.33804321,76.00073242,1744.0
4.10149622,4.681335449,4.201916695,4.328249454,12.98474789,76.07215118,1587.0
3.306191683,4.202406406,3.506775141,3.671791077,11.01537323,76.13737488,1861.0
3.622532129,4.111261368,3.510937691,3.74824357,11.24473095,76.20366669,1568.0
3.978699684,4.822938442,4.206722736,4.336120129,13.00835991,76.25344849,1554.0
4.028326988,5.104553223,4.322473049,4.485117435,13.45535278,76.32228088,1835.0
3.352146149,3.936472893,3.484743834,3.591120958,10.77336311,76.37807465,1840.0
3.456041098,4.239265919,3.745979309,3.81376195,11.44128609,76.4703064,1497.0
4.151614666,5.044240952,4.283979893,4.493278503,13.47983551,76.514328,1878.0
4.111974239,4.795511723,4.3478508,4.418445587,13.25533676,76.55421448,1715.0
3.263547897,4.038281441,3.532148361,3.611325979,10.8339777,76.61183929,1887.0
3.334341526,13.251091,15.47190666,10.68577957,32.05733871,76.6722641,1930.0
4.401973724,4.95015192,4.62907505,4.660399914,13.98120022,76.73242188,1895.0
4.61780405,5.527730942,4.922467709,5.022667408,15.0680027,76.78725433,1971.0
4.723599911,5.50244236,4.767753601,4.997931957,14.99379539,76.85131073,1808.0
3.257320166,4.103485584,3.583662033,3.648155928,10.94446754,76.90747833,1815.0
4.564985275,5.310909271,5.005272388,4.96038866,14.88116646,76.96292877,1666.0
5.034810066,5.506912231,4.969475746,5.170399189,15.51119804,77.03761292,1872.0
5.280576706,5.630358219,5.290583611,5.400506496,16.20151901,77.0989151,2070.0
3.488169432,4.002100945,3.538449287,3.676239967,11.0287199,77.16287994,1990.0
4.779902935,5.538284302,5.007847786,5.108678341,15.3260355,77.19213867,1699.0
4.841575146,5.599771976,5.041126728,5.160824299,15.48247337,77.31980133,1982.0
3.412219286,3.991755486,3.473916054,3.625963449,10.87789059,77.30992889,1877.0
4.343588352,4.9993186,4.402451038,4.581785679,13.74535751,77.38256836,1698.0
4.734372139,5.490119457,4.965696335,5.063395977,15.19018745,77.42858124,1627.0
4.653574467,5.721080303,5.111133575,5.161929607,15.48578835,77.51717377,2153.0
3.319695473,3.991607904,3.47512269,3.595475197,10.78642559,77.55158234,1769.0
3.317099333,3.94183445,3.572073698,3.610336065,10.83100796,77.63394165,1862.0
3.280263186,4.017799854,3.560727358,3.61959672,10.8587904,77.73416138,1770.0
3.479424477,3.97194314,3.420051813,3.623806238,10.87141895,77.75447845,1812.0
3.274671793,3.969888926,3.633210659,3.625923872,10.87777138,77.81710052,1781.0
3.281122923,4.210361481,3.652055025,3.714513063,11.14353943,77.86551666,1882.0
4.5669837,5.53004694,4.624777794,4.907269478,14.72180843,77.91687012,1567.0
4.755519867,5.517587662,4.837094784,5.036734104,15.11020279,77.98426819,2096.0
3.221256495,4.042030811,3.519151211,3.594146013,10.78243828,78.05101776,1807.0
4.196649551,5.328434944,4.605032444,4.710039139,14.13011742,78.11481476,1991.0
4.79024744,5.642306328,4.885882378,5.106145382,15.31843662,78.17220306,1725.0
4.972481728,5.824820042,4.82384491,5.207048893,15.62114716,78.23439026,1680.0
3.295428276,4.193150043,3.780053139,3.756210327,11.26863098,78.28977966,1805.0
4.702684879,5.914481163,4.878435135,5.16520071,15.49560165,78.37097168,1829.0
4.706888676,5.465293884,4.932529926,5.034904003,15.10471153,78.42554474,1857.0
3.507673264,4.025214672,3.433558226,3.655482054,10.96644592,78.50249481,1797.0
4.40997076,5.559360027,5.107770443,5.025700092,15.07710075,78.53608704,1790.0
4.82022953,5.51166296,4.893508434,5.075133801,15.22540092,78.5986557,2194.0
4.794009686,5.717586517,5.477338314,5.329645157,15.98893547,78.66093445,1764.0
3.371472597,3.953443527,3.556459427,3.627125025,10.88137531,78.76530457,1774.0
3.295164824,4.116477966,3.5668118,3.659484863,10.97845459,78.79000092,1802.0
4.141310215,4.697093487,4.249800205,4.362734318,13.08820343,78.81074524,1648.0
4.297087193,4.914287567,4.193369865,4.46824789,13.40474415,78.91186523,2127.0
3.347566366,4.194806099,3.498134136,3.680168867,11.04050636,78.90242767,1889.0
3.297531128,4.121637344,3.56983161,3.663000107,10.98900032,79.04154205,1809.0
3.911585331,4.78049469,4.312199116,4.334759235,13.00427818,79.13975525,2032.0
4.040495872,4.680983067,4.238474846,4.319984913,12.95995426,79.14963531,1939.0
4.312150955,4.825382233,4.090291977,4.409275055,13.22782516,79.19809723,2035.0
3.328023195,3.924096584,3.544667244,3.598929167,10.79678726,79.25554657,1884.0
4.308493137,4.701413631,4.127641201,4.379182816,13.13754845,79.31878662,1662.0
4.162988186,4.758389473,4.307159901,4.409512043,13.22853661,79.37924957,1931.0
3.234273434,4.029574871,3.7071383,3.656995535,10.97098637,79.42280579,1855.0
3.253637314,4.00940752,3.605072737,3.622705698,10.86811733,79.48582458,1746.0
4.006611347,4.869549274,4.145894527,4.340684891,13.02205467,79.54006958,1616.0
4.123342514,4.718665123,4.218281746,4.353429794,13.06028938,79.5991745,2098.0
4.111953259,4.830124855,4.419992447,4.454023361,13.36207008,79.69304657,1938.0
3.311483145,4.030529499,3.419045448,3.587019205,10.76105785,79.72803497,1789.0
4.190432072,4.982701302,4.149169445,4.440767765,13.32230377,72.73340607,1839.0
3.496508598,4.107478142,3.499414206,3.701133728,11.10340118,72.70822144,1873.0
3.225788355,4.091891766,3.539934874,3.619205236,10.85761547,72.62941742,1571.0
4.03161478,4.82679081,4.168228149,4.342211246,13.02663422,72.64347076,1565.0
4.06117487,4.799687862,4.123197556,4.328020096,12.98406029,72.658638,1782.0
3.288982868,3.904766083,3.459377766,3.551042318,10.65312672,72.6941452,1843.0
3.359317303,4.152764797,3.463430643,3.658504248,10.9755125,72.72936249,1875.0
3.930132866,4.639621735,4.313044071,4.294266224,12.88279915,72.76586151,1767.0
4.243013382,4.898474216,4.250584602,4.464024067,13.39207172,72.82006073,2010.0
3.332560062,4.161634445,3.492340565,3.662178278,10.98653507,72.89057922,1956.0
3.302165031,4.135039806,3.464340687,3.633848429,10.90154552,72.94657898,1934.0
3.499457121,4.028835297,3.427431107,3.651907921,10.95572376,73.0094986,1926.0
4.148350239,5.05347681,4.463307381,4.555044651,13.66513443,73.03740692,1929.0
4.580926418,5.300292492,5.08160305,4.987607479,14.96282196,73.13711548,1762.0
4.878857613,5.568720818,5.149528503,5.199035645,15.59710693,73.16004181,1997.0
3.292050123,3.904054165,3.479815006,3.558639526,10.67591858,73.22246552,1904.0
4.30973959,5.293324471,4.934072971,4.845712185,14.53713608,73.2886734,1810.0
4.801401615,5.465189934,5.091772556,5.119454861,15.35836411,73.41868591,2004.0
5.0265522,5.545794487,5.042064667,5.204803944,15.61441135,73.44680023,1455.0
3.295775175,3.943319559,3.394270182,3.544454813,10.63336468,73.48922729,1841.0
3.248673677,4.152424335,3.697697401,3.699598551,11.09879589,73.57296753,1856.0
4.559514046,5.50638628,5.027616501,5.031172276,15.0935173,73.66981506,1915.0
4.908090115,5.461925983,5.190481186,5.186832428,15.56049728,73.77497864,1874.0
4.185947895,4.029077053,3.483856201,3.89962697,11.69888115,73.78231049,1803.0
3.486568451,4.5070467,3.823403835,3.93900609,11.81701851,73.84970093,1832.0
4.848958492,5.680426121,4.941433907,5.156939507,15.47081852,73.94551849,1997.0
4.919077873,5.798374653,4.896653175,5.2047019,15.61410618,73.98776245,1841.0
3.226690292,3.981642485,3.50979495,3.572709322,10.7181282,74.07682037,1791.0
3.306608915,3.987142563,3.546310902,3.613354445,10.8400631,74.22250366,1819.0
3.281342983,4.052026749,3.427685738,3.587018251,10.76105499,74.20585632,1821.0
3.186012268,3.939647198,3.624402761,3.583353996,10.75006199,74.28909302,1744.0
3.342704296,4.028520107,3.48097086,3.6173985,10.85219574,74.38868713,1902.0
3.197226048,4.076076031,3.555358171,3.609553337,10.82866001,74.42884827,1745.0
3.460457325,4.060003281,3.47393012,3.664796829,10.99439049,74.5437088,1663.0
4.745446682,5.245535851,4.603188038,4.864723206,14.59416962,74.60712433,1929.0
4.819212914,5.257614136,4.983646393,5.020157814,15.06047344,74.75291443,2080.0
3.274918795,4.1380229,3.467255354,3.626732588,10.88019753,74.75725555,1825.0
4.598571777,5.562603951,4.807957649,4.989711285,14.96913338,74.82453156,1840.0
4.9183321,5.280709267,5.015244007,5.071428299,15.2142849,74.90984344,1900.0
3.180585146,3.917600632,3.629981995,3.576055765,10.72816753,74.97562408,1845.0
3.398339748,4.283344269,3.732894659,3.8048594,11.41457844,75.11198425,1806.0
4.714962959,5.663334846,4.929412365,5.102570057,15.30771065,75.11592865,1762.0
4.725317478,5.603522778,5.316923141,5.215254307,15.6457634,75.23395538,1873.0
3.302213907,4.217712402,3.487331629,3.669085741,11.00725746,75.28299713,1984.0
4.78858614,5.552202702,4.898312092,5.07970047,15.23910141,75.33082581,1998.0
5.068566799,5.827088833,4.905625343,5.267093658,15.80128098,75.40795135,1935.0
5.036409378,5.705722332,5.109618664,5.28391695,15.85175133,75.48239899,1437.0
3.192195177,4.006795883,3.660463095,3.619817972,10.85945415,75.56130981,1814.0
3.244737864,3.981058121,3.675549269,3.633781672,10.90134525,75.643013,1826.0
4.203969955,4.711884975,4.109179974,4.341678619,13.02503586,75.74356842,1746.0
3.936799049,4.793072701,4.277498245,4.335790157,13.00737,75.78112793,1530.0
3.287830591,4.047866821,3.538382292,3.624693155,10.8740797,75.86152649,1969.0
3.990508318,4.848246098,4.162830353,4.333861828,13.00158501,75.93935394,2157.0
3.987745523,4.701017857,4.264135361,4.317633152,12.95289898,76.04057312,1636.0
4.20045042,4.879346848,4.278738022,4.452845097,13.35853577,76.08060455,1698.0
3.29669404,3.914315701,3.542826176,3.584611893,10.75383568,76.16331482,1817.0
3.294391632,4.110260487,3.535917282,3.646856308,10.94056892,76.22840881,1831.0
4.068463802,4.991189003,4.401358604,4.487003803,13.46101093,76.3093338,1811.0
4.133733273,4.737892151,4.282758713,4.384794712,13.15438461,76.43051147,1765.0
3.343323469,3.901405573,3.430798769,3.558509111,10.67552757,76.46522522,1823.0
3.542448759,4.095282078,3.603332758,3.74702096,11.24106312,76.54190826,1731.0
4.064548969,5.126851559,4.443523884,4.544974804,13.63492393,76.64379883,1584.0
4.099612713,4.865110874,4.357277393,4.440666676,13.3220005,76.67145538,1854.0
3.251205206,3.968615294,3.592584133,3.604134798,10.81240463,76.74946594,1733.0
3.338833094,3.913357258,3.541903734,3.598031282,10.79409409,76.81564331,1824.0
3.471285105,3.957946301,3.416919947,3.615383863,10.84615135,76.88831329,1664.0
3.319750071,4.0068717,3.426212788,3.584278107,10.75283432,76.96472168,1803.0
3.486564875,4.018043995,3.432170153,3.645592928,10.93677902,77.02936554,1799.0
3.324894667,3.872038841,3.460121632,3.552351713,10.6570549,77.10540771,1842.0
3.25551939,3.919785023,3.553249359,3.576184511,10.72855377,77.17796326,1706.0
3.26624012,3.980978251,3.513844252,3.587020874,10.76106262,77.23602295,1808.0
3.306169271,3.871410131,3.434734344,3.537438154,10.61231422,77.31629181,1749.0
3.247122526,4.153051376,3.673081636,3.6910851,11.07325554,77.38610077,1616.0
3.455418825,3.980171919,3.439651966,3.625080824,10.87524223,77.45115662,1893.0
3.58611083,4.124938488,3.523367167,3.744805336,11.23441601,73.52252197,1598.0
3.999382496,4.810957909,4.206620693,4.33898735,13.01696205,73.4821167,1631.0
4.138883591,4.916356564,4.203848839,4.419696331,13.25908947,73.44063568,1899.0
3.220125437,3.950074911,3.428877592,3.53302598,10.59907818,73.38538361,1752.0
3.248807907,3.954063892,3.463217974,3.555363417,10.66609001,73.34702301,1776.0
3.220496893,4.006140232,3.458564043,3.561733484,10.68520069,73.38299561,1850.0
3.185750246,3.964854002,3.447600603,3.532734871,10.59820461,73.35134888,1713.0
3.237320662,3.985073805,3.439306736,3.55390048,10.6617012,73.36938477,1828.0
3.437838316,3.903244257,3.355083227,3.56538868,10.69616604,73.32807159,1828.0
3.243882656,4.020103455,3.495070934,3.586352348,10.75905704,73.54182434,1714.0
4.063524723,4.914212704,4.266396999,4.414711475,13.2441349,73.55516815,1779.0
4.299149513,4.670589447,4.281646252,4.417128086,13.25138474,73.53164673,1936.0
3.374533653,3.952996969,3.424313784,3.583948135,10.75184441,73.4667511,1814.0
3.19929266,3.966462851,3.447304249,3.537686586,10.61306,73.36563873,1814.0
3.207041264,3.945389271,3.428351164,3.526927233,10.58078194,73.35842133,1791.0
4.599130154,5.331586361,4.877008438,4.935908318,14.80772495,73.35520935,1834.0
5.028644085,5.957709789,5.17162323,5.385992527,16.15797806,73.34854126,1864.0
5.388038635,6.116000175,5.381569862,5.628536224,16.88560867,73.35144806,1996.0
5.348908901,5.962569237,5.007710934,5.439729691,16.31918907,73.40534973,1657.0
3.265630722,4.079126358,3.575530291,3.640095711,10.92028713,73.4265213,1777.0
5.356865406,6.063314438,5.641787529,5.68732214,17.06196594,73.45791626,1419.0
3.260720015,3.842215776,3.434262514,3.512399435,10.53719807,73.53337097,1694.0
4.578537941,5.891258717,5.261802673,5.243866444,15.73159981,73.58074951,1832.0
5.398426533,5.963005066,5.304902077,5.555444241,16.66633224,73.60437012,1882.0
3.440664053,4.094082832,3.353521347,3.629422903,10.88826847,73.70100403,1754.0
3.227876186,3.961751461,3.428053617,3.539227247,10.6176815,73.74749756,1819.0
3.145465612,4.017064571,3.400724411,3.521084785,10.56325436,73.79524231,1759.0
3.824367285,4.493442535,3.957137823,4.091649532,12.27494812,73.85845947,1840.0
5.080824852,6.176168919,5.451395035,5.569463253,16.70838928,73.99507141,1757.0
5.28625679,5.816327095,5.537972927,5.546852112,16.64055634,74.01914978,1892.0
3.231125832,3.882755041,3.524002075,3.545961142,10.63788319,74.11692047,1935.0
5.229418755,5.649009705,5.173485756,5.350637913,16.05191422,74.20372772,1918.0
5.440327644,5.72657156,5.238539219,5.468479156,16.40543747,74.27980804,2034.0
3.389198065,4.068235397,3.7091856,3.722206354,11.1666193,74.39821625,2155.0
5.016169548,5.859654427,5.136936188,5.33758688,16.01276016,74.41417694,2212.0
4.964691639,5.940637112,5.336379528,5.41390276,16.24170876,74.45110321,1435.0
4.059161663,4.500747681,4.200213909,4.253374577,12.76012421,74.6056366,1775.0
3.339003801,3.987180471,3.465320826,3.597168207,10.79150486,75.11553955,1696.0
4.511641979,5.143825054,4.443476677,4.699647903,14.09894371,75.06947327,1873.0
4.53480196,5.698217869,5.065971375,5.099663734,15.2989912,75.01091766,1889.0
4.132162094,5.233342171,4.549636841,4.638380527,13.91514111,74.9684906,1744.0
4.788885593,5.539698124,4.771484375,5.03335619,15.10006809,74.93488312,1639.0
3.291641951,4.072277069,3.567755222,3.643891573,10.93167496,74.91836548,1686.0
4.92865324,5.495675564,5.101472378,5.175266743,15.5258007,74.89044952,1904.0
3.405228138,3.98638916,3.408169508,3.599928856,10.79978657,74.89884186,1691.0
3.453468561,4.000451088,3.367737055,3.607218742,10.82165623,74.93820953,2030.0
4.936536789,5.6755023,5.040678024,5.217572689,15.65271759,74.95150757,2118.0
4.829527855,5.819750309,5.48975563,5.379678249,16.13903427,74.96594238,2121.0
3.316085339,3.898126841,3.413413286,3.542541742,10.62762547,74.98764038,1846.0
3.198595762,3.913635254,3.426492453,3.512907982,10.53872395,75.03130341,1811.0
3.359876633,4.006850719,3.464805603,3.610511065,10.83153343,75.12985992,1641.0
3.292821169,3.961049557,3.5838902,3.612586975,10.83776093,75.12781525,1553.0
4.793329716,5.681236744,5.173913956,5.216160297,15.64848042,75.1689682,1811.0
4.865118504,5.782355309,4.862307549,5.16992712,15.50978184,75.23366547,2082.0
3.160836697,4.045125961,3.459976673,3.55531311,10.66593933,75.31034851,1794.0
4.796779633,5.543077469,4.770391941,5.036749363,15.11024857,75.34751892,1737.0
5.190527916,5.608084202,4.908524036,5.235712051,15.70713615,75.40412903,1900.0
5.217681408,5.649674416,4.736595154,5.201316833,15.6039505,75.46027374,1990.0
5.024644375,5.545670509,4.75773859,5.109350681,15.32805252,75.53890991,1834.0
4.996893883,5.732211113,4.752592087,5.160565853,15.48169708,75.6160202,1776.0
4.899568558,5.627510548,5.18611145,5.237730026,15.71319008,75.65835571,2096.0
3.39039588,3.964419127,3.414003134,3.589606047,10.7688179,75.72951508,1762.0
3.211791754,3.950204849,3.468830109,3.543608904,10.63082695,75.82775116,1776.0
3.158457994,4.034348488,3.362647057,3.518484354,10.5554533,75.91215515,1807.0
4.020513535,4.712447166,4.022114277,4.251691818,12.75507545,75.93870544,2038.0
3.957528591,4.649921894,4.076699734,4.228050232,12.6841507,76.00417328,1915.0
3.245368004,3.923511505,3.380456924,3.516445398,10.54933643,76.14225769,1899.0
3.223008156,4.200969219,3.56313467,3.662370682,10.98711205,76.16815186,1782.0
3.878502369,4.664935112,4.287976742,4.277138233,12.83141518,76.21782684,1987.0
4.051677704,4.620575905,3.99409914,4.222117901,12.66635323,76.32273102,1776.0
3.322182178,3.928211689,3.298983097,3.516459227,10.54937744,76.39587402,1842.0
3.351079941,3.972985506,3.259832859,3.527966261,10.58389854,76.43776703,1692.0
3.228158712,3.982713938,3.321549416,3.510807276,10.53242207,76.52842712,1904.0
3.242001057,4.032401562,3.381083965,3.5518291,10.65548706,76.55784607,1677.0
3.249751568,4.075801849,3.424334049,3.583295822,10.74988747,76.63117981,1822.0
15.88805008,13.80038548,3.576520205,11.08831787,33.26495361,76.61347198,1712.0
3.169112444,4.096301556,3.580293417,3.615236044,10.84570789,76.75657654,1744.0
4.033242226,4.603933334,4.003784657,4.213653564,12.64096069,76.8260498,1593.0
4.274424553,4.606710911,4.137662888,4.339599609,13.01879883,76.89025879,1805.0
3.283138514,3.995478153,3.318069935,3.532229185,10.59668732,76.97205353,1677.0
3.780643463,4.597933769,4.159809113,4.179461956,12.53838634,77.02332306,1470.0
3.867521286,4.636392593,4.173326492,4.225746632,12.67724037,77.15713501,1850.0
4.002846718,4.534940243,4.180446625,4.239410877,12.71823311,77.19696045,1615.0
3.214203596,3.953526258,3.326440096,3.49805665,10.49417019,77.22291565,1772.0
3.249919891,4.237924576,3.42479682,3.637547255,10.91264153,77.28581238,1922.0
4.015164852,4.653662205,4.033085823,4.233971119,12.70191288,77.35482788,1885.0
3.992476702,4.725975513,4.205482006,4.307978153,12.92393494,77.42779541,1750.0
3.778179407,4.559951782,4.047584534,4.128571987,12.38571548,77.4910202,1885.0
4.332759857,4.734743118,4.155714512,4.407739162,13.22321701,77.65982056,2148.0
4.264550686,4.847290039,4.109362602,4.407067776,13.2212038,77.68291473,1567.0
4.155063152,4.72379303,4.252074718,4.376977444,13.13093185,77.76771545,1663.0
3.277655125,3.880594492,3.424503326,3.527584314,10.58275318,77.82615662,2031.0
3.177335978,4.204715252,3.49856782,3.626873016,10.88061905,77.9021759,1925.0
4.569826126,5.163279057,4.314860821,4.682655334,14.047966,77.97467804,1623.0
4.280688286,5.276699066,4.687886715,4.74842453,14.24527359,78.04012299,1733.0
4.506665707,5.197151184,4.66859293,4.790803432,14.37240982,78.11073303,2104.0
3.217980623,4.119605541,3.614657402,3.650748014,10.9522438,78.19385529,1984.0
3.475063324,4.050302029,3.401796579,3.64238739,10.92716217,78.23697662,1650.0
3.293937683,3.977743149,3.405108452,3.558929682,10.67678928,78.25843811,1829.0
3.533293247,4.251430511,3.895969868,3.893564463,11.68069363,78.28045654,1904.0
4.496581554,5.383905888,4.736208439,4.87223196,14.6166954,78.36095428,1699.0
4.749901772,5.691609859,4.89645052,5.112653732,15.3379612,78.39788818,2071.0
3.433232784,4.019150257,3.312252283,3.588211775,10.76463509,78.51023102,1796.0
4.53096962,5.20956707,4.452968597,4.73116827,14.19350529,78.5716629,1482.0
4.571832657,5.511396885,4.752518654,4.945249081,14.83574772,78.57705688,1899.0
4.479165554,5.441528797,4.632347584,4.85101366,14.55304146,78.66750336,1449.0
3.348484755,4.068538189,3.242399216,3.55314064,10.65942192,78.7670517,1694.0
4.86717844,5.281202793,4.527896404,4.892092228,14.67627716,78.77115631,1872.0
4.649529934,5.122044563,4.710672379,4.827415466,14.4822464,78.8110733,1680.0
3.34328723,4.18614912,3.456288338,3.66190815,10.98572445,78.87631989,1873.0
