CT1,CT2,CT3,CT_Avg,total_current,state,created_at,vibration,therm_temp
23.52419281,5.926743984,4.105093956,11.18534374,33.55603027,ON,2024-08-03 04:11:01,1852.0,33.21600342
3.889111519,4.889847755,4.288525105,4.355827808,13.0674839,ON,2024-08-03 04:11:06,1705.0,33.21337509
3.686326742,4.732343674,4.251280308,4.223316669,12.66995049,ON,2024-08-03 04:11:11,1999.0,33.20990753
4.115131378,5.012572289,4.44724226,4.524981976,13.57494545,ON,2024-08-03 04:11:16,1776.0,33.24610138
3.622698069,4.393955231,3.937588215,3.984746933,11.9542408,ON,2024-08-03 04:11:21,1849.0,33.26651382
3.697249413,4.306121826,3.77786994,3.927080393,11.78124142,ON,2024-08-03 04:11:26,1851.0,33.37794113
4.288979053,4.992941856,4.38334465,4.55508852,13.66526604,ON,2024-08-03 04:11:31,1786.0,33.50190735
3.95389843,4.827144146,4.24041605,4.34048605,13.02145767,ON,2024-08-03 04:11:36,1731.0,33.48906326
4.286067963,4.979322433,4.553062439,4.606151104,13.81845284,ON,2024-08-03 04:11:41,1714.0,33.56054688
4.175338268,5.311022758,4.725606918,4.73732233,14.21196747,ON,2024-08-03 04:11:46,1811.0,33.62857056
3.52926755,4.44036293,3.893508911,3.954379797,11.86313915,ON,2024-08-03 04:11:51,1795.0,33.74203491
4.509483814,5.25099802,4.470460415,4.743647099,14.23094177,ON,2024-08-03 04:11:56,1968.0,33.8364563
4.181386948,5.269589424,4.734564781,4.728513718,14.18554115,ON,2024-08-03 04:12:01,1963.0,33.94571304
3.934803009,4.808340549,3.994959116,4.246034145,12.73810196,ON,2024-08-03 04:12:06,1984.0,34.08623886
3.565851212,4.420906544,3.84446311,3.943740129,11.83122063,ON,2024-08-03 04:12:11,1821.0,34.14479446
4.099030018,4.960826874,4.455904484,4.505253315,13.51576042,ON,2024-08-03 04:12:16,1728.0,34.26085281
4.274311543,5.401165009,4.623463631,4.766313076,14.2989397,ON,2024-08-03 04:12:21,1878.0,34.38145828
4.285452366,5.31313324,4.657149315,4.75191164,14.25573444,ON,2024-08-03 04:12:26,1792.0,34.52304077
3.561794996,4.323728085,3.817083359,3.900868654,11.7026062,ON,2024-08-03 04:12:31,1859.0,34.60655975
3.597314119,4.488661766,3.836485147,3.974153519,11.92246056,ON,2024-08-03 04:12:36,1865.0,34.7422142
3.677068949,4.399027348,3.900549889,3.992215395,11.97664642,ON,2024-08-03 04:12:41,1749.0,34.87349701
3.572198868,4.616450787,4.030081749,4.072910786,12.21873188,ON,2024-08-03 04:12:46,1981.0,35.05279541
3.483589172,4.404303074,3.932370663,3.940087557,11.82026291,ON,2024-08-03 04:12:51,1822.0,35.15989304
4.604373932,5.866589546,5.023313999,5.164759159,15.49427795,ON,2024-08-03 04:13:38,1799.0,36.09934235
4.681703568,5.574509144,4.878894329,5.045035839,15.13510704,ON,2024-08-03 04:13:41,1712.0,36.1427269
3.747184277,4.462554455,3.918327808,4.042688847,12.12806702,ON,2024-08-03 04:13:46,1792.0,36.26726532
3.478361368,4.656788349,4.074347019,4.069832325,12.20949745,ON,2024-08-03 04:13:51,1918.0,36.38562012
4.530450344,5.505393028,4.709346294,4.915063381,14.74518967,ON,2024-08-03 04:13:56,1793.0,36.51062775
4.582802296,5.666526318,4.958962917,5.069430828,15.20829201,ON,2024-08-03 04:14:01,1696.0,36.61367035
4.944514751,4.819962502,3.885277748,4.549918175,13.64975452,ON,2024-08-03 04:14:06,1946.0,36.75909805
3.577792168,4.552031517,4.110311985,4.080045223,12.24013519,ON,2024-08-03 04:14:11,1833.0,36.86861801
4.758029461,5.885278702,5.119450569,5.254252911,15.76275921,ON,2024-08-03 04:14:16,2057.0,36.9600296
4.911606789,5.506319046,4.883776188,5.100567341,15.3017025,ON,2024-08-03 04:14:21,1970.0,37.14856339
4.640430927,5.553633213,5.071239471,5.088434696,15.26530361,ON,2024-08-03 04:14:26,1843.0,37.2447319
3.705448389,4.373924255,3.802735329,3.960702658,11.88210773,ON,2024-08-03 04:14:31,1808.0,37.36264038
3.494700193,4.38498354,3.955908298,3.945197344,11.83559227,ON,2024-08-03 04:14:36,1845.0,37.65696335
3.606178522,4.467662334,3.898902655,3.990914583,11.97274399,ON,2024-08-03 04:14:41,1891.0,37.71969223
3.533200264,4.377973557,3.896394491,3.935856104,11.80756855,ON,2024-08-03 04:14:46,1765.0,37.78593826
3.786780834,4.448582649,3.865422487,4.033595085,12.10078526,ON,2024-08-03 04:14:51,1785.0,37.8995018
3.50174427,4.294939041,3.863492012,3.886725187,11.66017532,ON,2024-08-03 04:14:56,1775.0,38.03077316
4.355632305,5.586072445,5.005964279,4.982556343,14.94766903,ON,2024-08-03 04:15:01,2060.0,38.28227234
4.733198166,5.628574371,4.800243378,5.054005146,15.16201591,ON,2024-08-03 04:15:06,1728.0,38.37334442
4.59942627,5.446462631,4.981934071,5.009274006,15.02782249,ON,2024-08-03 04:15:11,1813.0,38.48518372
3.59441328,4.396254063,3.890400648,3.960355997,11.88106823,ON,2024-08-03 04:15:16,1811.0,38.7101059
3.714318514,4.383332729,3.804387569,3.967346191,11.90203857,ON,2024-08-03 04:15:21,1855.0,38.70637894
4.872523785,5.433002472,4.858726978,5.054750919,15.16425323,ON,2024-08-03 04:15:26,1977.0,38.80385971
4.621043205,5.469006062,5.003398418,5.031149387,15.09344864,ON,2024-08-03 04:15:31,1818.0,38.93233109
4.719139099,5.697947979,4.980681896,5.132589817,15.39776993,ON,2024-08-03 04:15:36,1981.0,39.05078888
3.632992506,4.400635719,3.865023851,3.966217279,11.89865208,ON,2024-08-03 04:15:41,1785.0,39.18967056
4.64637661,5.57722187,4.775396824,4.999664783,14.99899483,ON,2024-08-03 04:15:46,1726.0,39.36897278
4.727895737,5.570449352,4.980178356,5.092841625,15.2785244,ON,2024-08-03 04:15:51,1851.0,39.53307343
4.738320827,5.679608822,5.164001942,5.193977356,15.58193207,ON,2024-08-03 04:15:56,1741.0,39.65991592
3.669305563,4.465622425,3.909114361,4.014680862,12.04404259,ON,2024-08-03 04:16:01,1807.0,39.73809433
3.976574183,4.9877882,4.44870472,4.471022129,13.41306686,ON,2024-08-03 04:16:06,1874.0,39.81653976
4.726955891,5.54515934,4.856508255,5.042874813,15.12862396,ON,2024-08-03 04:16:11,1887.0,39.98031998
4.652624607,5.828246593,4.9091506,5.130007267,15.39002228,ON,2024-08-03 04:16:16,2000.0,40.15810776
3.607440472,4.519333839,4.082848072,4.06987381,12.20962143,ON,2024-08-03 04:16:21,1917.0,40.18419266
3.547693014,4.246665001,3.787351608,3.860569954,11.58170986,ON,2024-08-03 04:16:26,1874.0,40.31955719
3.478000164,4.338281631,3.896187305,3.904156446,11.7124691,ON,2024-08-03 04:16:31,1851.0,40.44570923
4.179262638,5.124318123,4.488492012,4.59735775,13.79207325,ON,2024-08-03 04:16:36,1891.0,40.57739639
4.414363861,5.19850111,4.436462879,4.683109283,14.04932785,ON,2024-08-03 04:16:41,1644.0,40.7069397
3.459241152,4.213274956,3.854044199,3.842186689,11.52655983,ON,2024-08-03 04:16:46,1838.0,40.82198715
3.579539537,4.393789768,3.913009167,3.962113142,11.88633919,ON,2024-08-03 04:16:51,1871.0,40.94943619
4.189788818,5.213651657,4.546839237,4.650093079,13.95027924,ON,2024-08-03 04:16:56,1978.0,41.0828743
4.439728737,5.061676025,4.539428234,4.680277348,14.04083252,ON,2024-08-03 04:17:01,1981.0,41.22802734
3.554027081,4.376429558,4.032145977,3.987534285,11.96260262,ON,2024-08-03 04:17:06,1875.0,41.36284256
3.485620737,4.362825871,3.854644775,3.90103054,11.70309162,ON,2024-08-03 04:17:11,1811.0,41.48807907
4.211627483,5.36845541,4.638768673,4.739616871,14.21885109,ON,2024-08-03 04:17:16,1925.0,41.59494019
4.360021114,5.135931492,4.36507225,4.620341778,13.86102486,ON,2024-08-03 04:17:21,1728.0,41.7022171
3.529441357,4.289103031,3.840651751,3.886398554,11.6591959,ON,2024-08-03 04:17:26,1840.0,41.87392426
3.484362364,4.291446209,3.802138329,3.859315634,11.57794666,ON,2024-08-03 04:17:31,1821.0,41.97874832
3.500713587,4.372898102,3.912985325,3.928865433,11.7865963,ON,2024-08-03 04:17:36,1963.0,42.09565735
4.038724422,5.167708397,4.614468098,4.606966496,13.82089996,ON,2024-08-03 04:17:41,1875.0,42.1905899
4.51635313,5.254507542,4.401468754,4.72410965,14.17232895,ON,2024-08-03 04:17:46,1723.0,42.32912445
3.578357935,4.586723804,4.065279961,4.076787472,12.23036194,ON,2024-08-03 04:17:51,1840.0,42.43921661
3.454035997,4.351231575,3.86436224,3.889876604,11.66963005,ON,2024-08-03 04:17:56,1781.0,42.58213806
3.530003786,4.301345348,3.816083431,3.882477522,11.64743233,ON,2024-08-03 04:18:01,1952.0,42.71156311
3.53000617,4.272903919,3.820809841,3.874573469,11.62372017,ON,2024-08-03 04:18:06,1851.0,42.78557968
3.443678617,4.387772083,3.90485096,3.912100554,11.73630142,ON,2024-08-03 04:18:11,1849.0,42.92436218
3.463232756,4.45641613,4.031431675,3.983693361,11.95108032,ON,2024-08-03 04:18:16,1920.0,43.04565048
3.478687763,4.505856991,4.051468372,4.012004375,12.03601265,ON,2024-08-03 04:18:21,1728.0,43.25375366
3.498418331,4.417503834,3.861385584,3.925769091,11.77730751,ON,2024-08-03 04:18:26,1758.0,43.40929031
4.014302731,4.999930859,4.309247971,4.441160679,13.32348156,ON,2024-08-03 04:18:31,1914.0,43.40577316
4.02468729,5.058801174,4.48827219,4.523920059,13.57176018,ON,2024-08-03 04:18:36,1932.0,43.52104568
4.165037632,5.119940758,4.44266367,4.575880527,13.72764206,ON,2024-08-03 04:18:41,1780.0,43.62897491
3.478119135,4.305249691,3.839168549,3.874179125,11.62253761,ON,2024-08-03 04:18:46,1920.0,43.74116898
3.540831566,4.412424088,3.889779806,3.947678566,11.8430357,ON,2024-08-03 04:18:51,1808.0,43.89037704
4.132578373,5.063089848,4.510369778,4.568679333,13.70603752,ON,2024-08-03 04:18:56,1920.0,44.00523758
4.166026592,5.165189743,4.575489044,4.635568619,13.90670586,ON,2024-08-03 04:19:01,1840.0,44.11627197
4.188779354,5.1855793,4.368310928,4.580890179,13.74267006,ON,2024-08-03 04:19:06,2020.0,44.19199371
3.438327551,4.357697964,3.862874508,3.886299849,11.65889931,ON,2024-08-03 04:19:11,1918.0,44.31445694
4.75575304,5.693894863,4.973316193,5.140987873,15.4229641,ON,2024-08-03 04:19:16,1712.0,44.4142952
3.47338295,4.216876507,3.797077417,3.829112291,11.48733711,ON,2024-08-03 04:19:21,1829.0,44.53952026
3.758898735,4.863193989,4.323068619,4.31505394,12.94516182,ON,2024-08-03 04:19:26,1808.0,44.65457535
4.762777805,5.606446266,5.026315689,5.131846905,15.39554024,ON,2024-08-03 04:19:31,1712.0,44.74019241
4.913626671,5.876752377,5.070827961,5.287068844,15.86120605,ON,2024-08-03 04:19:36,1697.0,44.86235046
4.674104214,5.643357754,5.232278347,5.183246613,15.54973984,ON,2024-08-03 04:19:41,1679.0,44.96912003
4.877185822,5.699359417,5.002788544,5.19311142,15.57933426,ON,2024-08-03 04:19:46,1857.0,45.11793137
4.968832493,6.052122593,5.549130917,5.523361683,16.57008553,ON,2024-08-03 04:19:51,1810.0,45.29987717
3.434174061,4.385808468,3.984687567,3.934890032,11.80467033,ON,2024-08-03 04:19:56,1890.0,45.33338165
3.642886639,4.265626907,3.81849575,3.909003019,11.72700882,ON,2024-08-03 04:20:01,1827.0,45.55792618
5.128712177,5.755795479,5.22832346,5.370943546,16.11283112,ON,2024-08-03 04:20:06,1675.0,45.57691956
5.0173769,5.794400692,5.39626646,5.402681351,16.20804405,ON,2024-08-03 04:20:11,1901.0,45.79628372
3.369968891,4.307306767,3.985405445,3.887560606,11.66268158,ON,2024-08-03 04:20:16,1878.0,45.79558182
3.462942839,4.205405235,3.804782867,3.82437706,11.47313118,ON,2024-08-03 04:20:21,1824.0,45.91249847
3.398776293,4.255241871,3.887316227,3.847111464,11.54133415,ON,2024-08-03 04:20:26,1831.0,45.96305084
4.022459507,4.839013577,4.41299963,4.424824238,13.27447319,ON,2024-08-03 04:20:31,2018.0,46.08963776
5.150138855,5.620268822,5.081671238,5.284026623,15.85207939,ON,2024-08-03 04:20:36,1865.0,46.20186996
4.996399879,5.632503986,5.322939396,5.317281246,15.95184326,ON,2024-08-03 04:20:41,1754.0,46.33608246
3.404992342,4.259112358,3.846056223,3.836720228,11.51016045,ON,2024-08-03 04:20:46,1940.0,46.45041275
4.827863693,5.450088978,5.009237766,5.095729828,15.28718948,ON,2024-08-03 04:20:51,1591.0,46.56481171
4.853927612,5.595749378,5.180212498,5.209962845,15.62988853,ON,2024-08-03 04:20:56,1808.0,46.72020721
4.928444386,5.46077919,5.36581707,5.251679897,15.75504017,ON,2024-08-03 04:21:01,1732.0,46.82668686
4.851539612,6.027334213,5.517875671,5.465583324,16.3967495,ON,2024-08-03 04:21:06,1597.0,46.93157959
4.873036861,6.147293568,5.507917881,5.509416103,16.52824783,ON,2024-08-03 04:21:11,1881.0,47.01602936
5.677957535,6.371886253,5.577016354,5.875619888,17.62685966,ON,2024-08-03 04:21:16,2137.0,47.12622833
3.453807354,4.172284603,3.788230181,3.804774046,11.4143219,ON,2024-08-03 04:21:21,1968.0,47.29661942
3.401522398,4.296193123,3.840348244,3.846021414,11.538064,ON,2024-08-03 04:21:26,1817.0,47.31573868
5.253902912,6.23497963,5.533517838,5.674133301,17.0223999,ON,2024-08-03 04:28:13,1884.0,47.82939148
4.133747101,4.894523144,4.653476715,4.560582638,13.68174744,ON,2024-08-03 04:28:16,1952.0,47.8541069
3.521048784,4.297813892,3.74075079,3.853204727,11.55961418,ON,2024-08-03 04:28:21,1949.0,47.90926361
3.483514071,4.078619957,3.715909004,3.759347677,11.27804279,ON,2024-08-03 04:28:26,1827.0,47.95396423
3.387625694,4.426089287,4.015067577,3.942927599,11.82878304,ON,2024-08-03 04:28:31,1767.0,48.09044647
5.271687508,6.317261696,5.59561491,5.728188038,17.18456459,ON,2024-08-03 04:28:36,1462.0,48.08403397
5.335464001,6.519492626,5.595645428,5.816867352,17.45060158,ON,2024-08-03 04:28:41,1987.0,48.17757034
3.382864714,4.155722141,3.665734529,3.734773636,11.20432091,ON,2024-08-03 04:28:46,1795.0,48.20794678
3.46772337,4.114625931,3.71650219,3.766283751,11.29885101,ON,2024-08-03 04:28:51,1733.0,48.29123688
3.373000622,4.168205738,3.799426794,3.78021121,11.34063339,ON,2024-08-03 04:28:56,1923.0,48.37456894
3.537652254,4.311229229,3.810959339,3.886613846,11.65984154,ON,2024-08-03 04:29:01,1878.0,48.46321106
4.802896023,5.868441582,5.506686687,5.392674923,16.17802429,ON,2024-08-03 04:29:06,1917.0,48.58576202
5.046636105,6.08877182,5.527660847,5.554356098,16.66306877,ON,2024-08-03 04:29:11,1779.0,48.64706421
3.519929171,4.431364059,3.883633375,3.944975615,11.83492661,ON,2024-08-03 04:29:16,1931.0,48.74197006
3.709607363,4.875124454,4.273842335,4.286191463,12.85857391,ON,2024-08-03 04:29:21,1977.0,48.85708618
5.139358997,5.95309639,5.656158924,5.58287096,16.74861336,ON,2024-08-03 04:29:26,1998.0,49.006073
4.985435486,6.224969387,5.455265522,5.555223465,16.66567039,ON,2024-08-03 04:29:31,1776.0,49.11729813
5.161896706,6.303823948,5.492242336,5.652654648,16.95796394,ON,2024-08-03 04:29:36,1793.0,49.09920883
5.071635723,6.112213612,5.423576832,5.535808563,16.60742569,ON,2024-08-03 04:29:41,1794.0,49.36230087
4.964494228,6.206199646,5.675407887,5.615367413,16.84610176,ON,2024-08-03 04:29:46,2074.0,49.39436722
3.472557783,4.202257156,3.705663681,3.793493032,11.38047886,ON,2024-08-03 04:29:51,1777.0,49.48942566
3.45294261,4.201635361,3.633388519,3.762655497,11.28796673,ON,2024-08-03 04:29:56,1899.0,49.52799225
3.457351208,4.149188042,3.743981838,3.783507109,11.35052109,ON,2024-08-03 04:30:01,1733.0,49.62771988
4.357186794,5.381523132,4.669234753,4.802648544,14.40794563,ON,2024-08-03 04:30:37,1872.0,50.38772964
4.255540371,5.252940655,4.34079504,4.616425037,13.84927559,ON,2024-08-03 04:30:40,1664.0,50.43214035
4.210278034,5.201638222,4.438405037,4.616774082,13.85032177,ON,2024-08-03 04:30:45,1858.0,50.53692627
3.33675766,4.361559868,3.9203794,3.872899055,11.61869717,ON,2024-08-03 04:30:50,1868.0,50.63370132
3.509810686,4.158764839,3.694463015,3.787679434,11.36303806,ON,2024-08-03 04:30:55,1851.0,50.80355835
3.480751514,4.29242897,3.616318464,3.796499491,11.38949871,ON,2024-08-03 04:31:00,1842.0,50.84658432
3.543926954,4.135080338,3.65226984,3.777092695,11.33127785,ON,2024-08-03 04:31:05,1785.0,50.93920517
3.398759365,4.333703518,3.914066076,3.882176399,11.6465292,ON,2024-08-03 04:31:10,1839.0,51.07250595
3.467206717,4.220211506,3.678456306,3.788624763,11.36587429,ON,2024-08-03 04:31:15,1998.0,51.14173889
3.400532246,4.192971706,3.72300148,3.772168398,11.31650543,ON,2024-08-03 04:31:20,1829.0,51.25511551
4.219194412,4.983888149,4.35883379,4.520638943,13.56191635,ON,2024-08-03 04:33:12,1973.0,51.97927856
4.214434624,5.052705288,4.367958546,4.545032501,13.6350975,ON,2024-08-03 04:33:15,1803.0,51.9783783
4.226685047,5.269577026,4.683760643,4.72667408,14.18002224,ON,2024-08-03 04:33:20,1894.0,52.00395966
3.614404678,4.264429092,3.721865654,3.866899729,11.60069942,ON,2024-08-03 04:33:25,1915.0,52.04473877
4.198159218,4.884011269,4.306352139,4.462841034,13.3885231,ON,2024-08-03 04:33:30,1754.0,52.09291077
4.256084442,4.969640732,4.429746151,4.551824093,13.6554718,ON,2024-08-03 04:33:35,1955.0,52.14452362
4.300748348,5.273231506,4.62010622,4.731361866,14.19408607,ON,2024-08-03 04:33:40,1790.0,52.20433807
3.478394747,4.167708874,3.766752005,3.804285288,11.4128561,ON,2024-08-03 04:33:45,1839.0,52.27825165
3.629522324,4.534841537,3.930934906,4.031766415,12.09529877,ON,2024-08-03 04:33:50,1774.0,52.35085678
4.198350906,5.166897774,4.753267288,4.706171989,14.11851597,ON,2024-08-03 04:33:55,1842.0,52.44612122
4.321443558,5.047832012,4.554897308,4.641391277,13.92417336,ON,2024-08-03 04:34:00,1921.0,52.53033829
3.548835993,4.171954632,3.702380896,3.807723999,11.423172,ON,2024-08-03 04:34:05,1844.0,52.60837173
3.624606609,4.181250095,3.624106646,3.809987783,11.42996311,ON,2024-08-03 04:34:10,1824.0,52.67896271
3.634786129,4.254618168,3.689479113,3.859627724,11.57888317,ON,2024-08-03 04:34:15,1828.0,52.75966644
4.513404846,5.380295753,4.818775177,4.904158592,14.71247578,ON,2024-08-03 04:34:20,2006.0,52.84645462
4.621304989,5.480902195,4.942799568,5.015002251,15.04500675,ON,2024-08-03 04:34:25,1526.0,52.94225693
4.760447979,5.332236767,5.052734375,5.048472881,15.14541912,ON,2024-08-03 04:34:30,1750.0,53.04508591
3.771177769,4.052752495,3.683502674,3.8358109,11.50743294,ON,2024-08-03 04:34:35,1847.0,53.11764526
3.507446289,4.210479259,3.663972855,3.793966293,11.38189888,ON,2024-08-03 04:34:40,1882.0,53.22603607
3.96090126,4.801025867,4.180749893,4.314225674,12.94267654,ON,2024-08-03 04:34:45,2114.0,53.37792206
4.852259159,5.682947159,5.022703648,5.18596983,15.55790901,ON,2024-08-03 04:34:50,1972.0,53.40839386
5.003346443,5.47799778,4.944843769,5.142062664,15.42618752,ON,2024-08-03 04:34:55,1947.0,53.49402618
4.960995674,5.46893692,4.860789776,5.096907139,15.29072189,ON,2024-08-03 04:35:00,1919.0,53.55136108
3.544899225,4.168900013,3.717905283,3.810568094,11.43170452,ON,2024-08-03 04:35:05,1769.0,53.66875076
4.905642509,5.479795456,4.848722935,5.078053951,15.23416138,ON,2024-08-03 04:35:10,1971.0,53.74725342
4.82508564,5.518796921,4.957417488,5.10043335,15.30130005,ON,2024-08-03 04:35:15,1895.0,53.83501053
4.856552124,5.426670074,4.972593784,5.085271835,15.25581551,ON,2024-08-03 04:35:20,1875.0,53.95475006
3.438924074,4.424918175,3.949871302,3.937904358,11.81371307,ON,2024-08-03 04:35:25,1806.0,54.05313873
3.728857756,4.582241535,3.95386982,4.088323116,12.26496887,ON,2024-08-03 04:35:30,2004.0,54.18191147
4.720986366,5.558393478,4.928940296,5.069440365,15.20832062,ON,2024-08-03 04:35:35,1709.0,54.34204865
4.787701607,5.510895729,4.956326962,5.084974766,15.25492477,ON,2024-08-03 04:35:40,1968.0,54.39100647
4.713938236,5.515163898,4.781235218,5.003446102,15.01033783,ON,2024-08-03 04:35:45,2213.0,54.42124557
3.504408836,4.138437748,3.690642834,3.777829885,11.33348942,ON,2024-08-03 04:35:50,1815.0,54.55049896
3.459326744,4.233056545,3.792729855,3.828371048,11.48511314,ON,2024-08-03 04:35:55,1830.0,54.58974457
3.471739531,4.437223911,3.869419336,3.926127434,11.7783823,ON,2024-08-03 04:36:00,1862.0,54.66664124
3.694021702,4.284199715,3.688183546,3.888801575,11.66640472,ON,2024-08-03 04:36:05,1887.0,54.75933456
3.625160217,4.195505142,3.703364611,3.841343164,11.52402973,ON,2024-08-03 04:47:45,1885.0,53.2903595
3.690680027,4.643452168,4.198555946,4.177562714,12.53268814,ON,2024-08-03 04:47:50,1644.0,53.20853424
4.839356899,5.498867989,4.851339817,5.063188076,15.18956375,ON,2024-08-03 04:47:55,1651.0,53.20412064
4.829463482,5.578549385,4.975345612,5.12778616,15.383358,ON,2024-08-03 04:48:00,1971.0,53.17985153
3.954399824,4.979745865,4.306680202,4.413608551,13.24082565,ON,2024-08-03 04:48:10,1957.0,53.26138306
4.758221149,5.944644928,5.084415913,5.262426853,15.78728104,ON,2024-08-03 04:48:12,1697.0,53.2105751
4.747592449,5.749505043,4.882725239,5.126607418,15.37982178,ON,2024-08-03 04:48:17,1777.0,53.19976425
4.635433197,5.879814625,5.157382011,5.224209785,15.67262936,ON,2024-08-03 04:48:22,1840.0,53.27753448
3.45664072,4.297959805,3.731617928,3.828739405,11.48621845,ON,2024-08-03 04:48:27,1872.0,53.28241348
3.723057747,4.519933701,3.890353203,4.044448376,12.13334465,ON,2024-08-03 04:48:32,2011.0,53.35639572
4.953725338,5.684891701,4.935698032,5.191438198,15.57431412,ON,2024-08-03 04:48:37,1829.0,53.43708801
4.995574951,5.626076221,5.061471462,5.227707386,15.68312263,ON,2024-08-03 04:48:42,1939.0,53.51865768
4.803272247,5.838164806,5.084891319,5.242109776,15.72632885,ON,2024-08-03 04:48:47,1872.0,53.5750351
3.699228048,4.271813393,3.64645648,3.872499466,11.6174984,ON,2024-08-03 04:48:52,1806.0,53.62379074
4.574158192,5.722856522,5.09384346,5.13028574,15.3908577,ON,2024-08-03 04:48:57,1834.0,53.71392822
4.77082777,5.492695332,5.159485817,5.141003132,15.42300892,ON,2024-08-03 04:49:02,1712.0,53.86130142
4.808989525,5.489924908,5.116561413,5.138492107,15.41547585,ON,2024-08-03 04:49:07,1863.0,53.9210434
3.466969252,4.33330965,3.814017773,3.871432066,11.61429596,ON,2024-08-03 04:49:12,1739.0,53.99868011
3.502254009,4.465027332,3.725130081,3.897470474,11.69241142,ON,2024-08-03 04:49:17,1918.0,54.04162979
4.211427689,5.155184746,4.47116375,4.61259222,13.83777618,ON,2024-08-03 04:49:55,1618.0,54.72169495
4.061869621,5.041860104,4.204798222,4.436175823,13.30852699,ON,2024-08-03 04:49:58,2067.0,54.78466415
3.509235144,4.245872021,3.640610456,3.79857254,11.39571762,ON,2024-08-03 04:50:03,1937.0,54.85265732
4.110476494,4.673204422,4.172818661,4.318832874,12.9564991,ON,2024-08-03 04:50:08,1630.0,54.97280884
4.17792654,5.165864944,4.446836948,4.596876144,13.79062843,ON,2024-08-03 04:50:13,1953.0,55.05373001
4.152849197,5.022166252,4.452496529,4.542503834,13.62751198,ON,2024-08-03 04:50:18,1829.0,55.12369156
3.549566031,4.215035915,3.755935431,3.840179205,11.52053738,ON,2024-08-03 04:50:23,1807.0,55.21273804
3.724400043,4.769895554,4.400111198,4.298135281,12.89440632,ON,2024-08-03 04:50:28,1870.0,55.30963516
4.203681469,5.240564346,4.550783634,4.665009975,13.99502945,ON,2024-08-03 04:50:33,2027.0,55.41078949
3.525847912,4.280773163,3.723710299,3.843443871,11.53033161,ON,2024-08-03 04:50:38,1808.0,55.51527023
3.487288952,4.205926895,3.755703688,3.816306353,11.4489193,ON,2024-08-03 04:50:43,1741.0,55.59934616
3.416057348,4.305143356,3.794038534,3.838413239,11.51523972,ON,2024-08-03 04:50:48,1781.0,55.6832962
3.762292147,4.402583122,3.81896615,3.994613647,11.98384094,ON,2024-08-03 04:54:03,1809.0,56.33317184
4.47545433,4.987003326,4.389900684,4.617452621,13.85235786,ON,2024-08-03 04:54:08,1616.0,56.26865768
4.211446762,4.872543812,4.400518417,4.49483633,13.48450851,ON,2024-08-03 04:54:13,2006.0,56.25972748
3.38757658,4.219741344,3.888712645,3.832010269,11.49603081,ON,2024-08-03 04:54:18,1943.0,56.25639725
4.149179935,4.964153767,4.355063438,4.489465714,13.46839714,ON,2024-08-03 04:54:23,1709.0,56.23674011
4.098285675,5.082421303,4.435355663,4.538687229,13.61606216,ON,2024-08-03 04:54:28,1726.0,56.27610779
4.324233532,5.058496475,4.509912968,4.630880833,13.89264297,ON,2024-08-03 04:54:33,1744.0,56.20978928
3.385689259,4.184825897,3.709992886,3.760169268,11.28050804,ON,2024-08-03 04:54:38,1809.0,56.22231293
4.178305149,5.112314224,4.450716019,4.580444813,13.74133492,ON,2024-08-03 04:54:43,1973.0,56.27319717
4.259756088,4.98287344,4.482965946,4.57519865,13.72559547,ON,2024-08-03 04:54:48,1861.0,56.29818726
3.565080643,4.303773403,3.804004431,3.890952826,11.67285824,ON,2024-08-03 04:54:53,1773.0,56.35726547
3.442372084,4.162086487,3.745944023,3.783467531,11.35040283,ON,2024-08-03 04:54:58,1824.0,56.41139221
4.278761387,4.82865715,4.353157997,4.486858845,13.46057606,ON,2024-08-03 04:55:03,1757.0,56.46597672
4.239487171,4.893708706,4.394341469,4.509179115,13.52753735,ON,2024-08-03 04:55:08,1788.0,56.54721832
3.379359245,4.217654228,3.780251265,3.792421579,11.37726498,ON,2024-08-03 04:55:13,1897.0,56.62427902
3.405916214,4.157664299,3.753741503,3.772440672,11.31732178,ON,2024-08-03 04:55:18,1856.0,56.68450165
3.498767614,4.248370647,3.789167643,3.845435143,11.53630543,ON,2024-08-03 04:55:23,1819.0,56.81375504
4.155272961,5.065145493,4.447877884,4.556098938,13.66829681,ON,2024-08-03 04:55:28,1790.0,56.82056427
4.63758564,5.660857201,4.948409557,5.082284451,15.24685287,ON,2024-08-03 04:55:33,1881.0,56.89440155
4.940200806,5.589258671,4.867483616,5.132314205,15.39694214,ON,2024-08-03 04:55:38,1617.0,57.0199852
4.970676899,5.610203266,4.97193861,5.184272766,15.5528183,ON,2024-08-03 04:55:43,1686.0,57.08321381
3.498515606,4.145714283,3.718150139,3.787460089,11.36238003,ON,2024-08-03 04:55:48,1753.0,57.13170624
4.7859025,5.398836136,4.916431427,5.033723354,15.10116959,ON,2024-08-03 04:55:53,1959.0,57.28207016
4.707647324,5.830476284,5.017085552,5.185070038,15.55521011,ON,2024-08-03 04:55:58,1629.0,57.35493469
4.56124115,5.78067112,5.301388741,5.21443367,15.64330101,ON,2024-08-03 04:56:03,2031.0,57.39801407
3.459746599,4.379141331,3.855840683,3.89824295,11.69472885,ON,2024-08-03 04:56:08,1863.0,57.51894379
4.141098976,5.176953793,4.590376854,4.636143208,13.90842915,ON,2024-08-03 04:56:13,1719.0,57.61083603
4.832079411,5.657342434,5.02555275,5.171658039,15.51497459,ON,2024-08-03 04:56:18,1826.0,57.75117874
4.668620586,5.495747566,4.954607964,5.039658546,15.11897564,ON,2024-08-03 04:56:23,2096.0,57.77093124
4.752777576,5.338913441,4.881314278,4.991001606,14.97300529,ON,2024-08-03 04:56:28,1505.0,57.85014343
3.356383324,4.217464924,3.767378807,3.780408859,11.34122658,ON,2024-08-03 04:56:33,1712.0,57.90838242
4.484152317,5.328523159,4.783783436,4.865486145,14.59645844,ON,2024-08-03 04:56:38,1769.0,57.99272919
4.687062263,5.549825191,5.109001637,5.115295887,15.34588814,ON,2024-08-03 04:56:43,2005.0,58.07318878
4.857596874,5.534541607,4.913357735,5.101831913,15.30549622,ON,2024-08-03 04:56:48,1889.0,58.19940567
4.693770885,5.335700512,4.907020092,4.978830338,14.93649101,ON,2024-08-03 04:56:53,1835.0,58.24481583
4.422623158,5.489104748,5.029485226,4.980404377,14.94121361,ON,2024-08-03 04:56:58,1605.0,58.34539032
3.401260853,4.38738203,3.730880976,3.839841127,11.51952362,ON,2024-08-03 04:57:03,1919.0,58.43133545
3.402005672,4.155245781,3.62698555,3.728078842,11.18423653,ON,2024-08-03 04:57:08,1744.0,58.54924393
3.457556963,4.109539032,3.735296726,3.767464399,11.30239296,ON,2024-08-03 04:57:13,1735.0,58.60990524
3.3688519,4.181407452,3.70513916,3.751799583,11.25539875,ON,2024-08-03 04:57:18,1779.0,58.68528748
3.621668816,4.243856907,3.718272448,3.861266136,11.58379841,ON,2024-08-03 04:57:23,1661.0,58.76911545
3.470510483,4.102053642,3.712900639,3.761821747,11.28546524,ON,2024-08-03 04:57:28,1913.0,58.88887024
4.196540356,5.05452776,4.633327007,4.628131866,13.8843956,ON,2024-08-03 04:57:33,2115.0,58.97454834
4.720860481,5.612432957,5.153460026,5.162250996,15.48675346,ON,2024-08-03 04:57:38,1998.0,59.12189102
5.137544155,5.623550892,5.159240246,5.306778431,15.92033577,ON,2024-08-03 04:57:43,1907.0,59.24381638
5.150083542,5.660716057,5.137413502,5.316071033,15.94821358,ON,2024-08-03 04:57:48,1775.0,59.36223984
3.535955191,4.347874165,3.96600914,3.949946165,11.84983826,ON,2024-08-03 04:57:53,1963.0,59.33169937
4.592661858,5.696671963,5.034039021,5.10779047,15.32337189,ON,2024-08-03 04:57:58,2022.0,59.44350433
4.721078396,5.713531017,4.876476765,5.103695393,15.31108665,ON,2024-08-03 04:58:03,1666.0,59.52569962
4.989161491,5.9602108,5.138409138,5.362594128,16.08778191,ON,2024-08-03 04:58:08,1744.0,59.58688736
3.519766331,4.226877689,3.716346264,3.820996523,11.46298981,ON,2024-08-03 04:58:13,1781.0,59.67425537
4.682261467,5.517230034,4.968405247,5.055965424,15.16789627,ON,2024-08-03 04:58:18,1564.0,59.76923752
4.568927765,5.583384514,4.962936878,5.038416386,15.11524963,ON,2024-08-03 04:58:23,2221.0,59.90699768
4.653565407,5.755107403,5.380054474,5.262908936,15.78872681,ON,2024-08-03 04:58:28,1880.0,59.98692703
3.393967152,4.257306576,3.911592722,3.854288816,11.56286621,ON,2024-08-03 04:58:33,1919.0,60.01582718
4.898708344,5.559695244,4.883916378,5.114106655,15.34231949,ON,2024-08-03 04:58:38,2115.0,60.09892273
4.659388065,5.459029675,4.955723763,5.024713993,15.0741415,ON,2024-08-03 04:58:43,1755.0,60.19540787
3.360207796,4.180447578,3.730314732,3.756989717,11.27096939,ON,2024-08-03 04:58:48,1638.0,60.28847122
3.453398228,4.123627186,3.720992565,3.766005754,11.2980175,ON,2024-08-03 04:58:53,1850.0,60.42019272
3.497268915,4.21440649,3.631531,3.781068802,11.34320641,ON,2024-08-03 04:58:58,1837.0,60.46567917
4.173762798,5.235958099,4.664166451,4.691296101,14.07388783,ON,2024-08-03 04:59:03,1665.0,60.52974701
3.721404314,4.542553902,4.018342018,4.094099998,12.2823,ON,2024-08-03 04:59:08,1557.0,60.61305237
3.384676218,4.20855999,3.812098742,3.801778078,11.40533447,ON,2024-08-03 04:59:13,1845.0,60.77684402
3.502080679,4.542504787,3.876259089,3.973614693,11.92084408,ON,2024-08-03 04:59:18,1803.0,60.78542328
4.122909546,5.002056122,4.357224941,4.494063854,13.48219109,ON,2024-08-03 04:59:23,1781.0,60.88132858
4.022208214,4.921627045,4.373570442,4.439135075,13.3174057,ON,2024-08-03 04:59:28,1682.0,60.96645737
4.305184364,5.002285957,4.364976406,4.557482243,13.6724472,ON,2024-08-03 04:59:33,1941.0,61.05480194
3.440300465,4.377023697,3.732410669,3.84991169,11.54973507,ON,2024-08-03 04:59:38,1851.0,61.13055801
4.18984127,4.782708645,4.327934265,4.433494568,13.3004837,ON,2024-08-03 04:59:43,1845.0,61.22894669
4.013614655,4.97566843,4.43351984,4.474267483,13.42280197,ON,2024-08-03 04:59:48,1809.0,61.30973816
4.855773449,5.605848789,4.401939869,4.954520702,14.86356163,ON,2024-08-03 04:59:53,1775.0,61.40620804
3.447838545,4.201090336,3.649580479,3.766169786,11.2985096,ON,2024-08-03 04:59:58,1710.0,61.5325737
3.979710817,4.991415977,4.390642643,4.453922749,13.36176872,ON,2024-08-03 05:00:03,1854.0,61.56960678
4.125416279,5.030617714,4.534592152,4.563541889,13.69062614,ON,2024-08-03 05:00:08,2043.0,61.69466019
4.153622627,5.192223549,4.723044872,4.689630508,14.06889153,ON,2024-08-03 05:00:13,1867.0,61.84461594
3.358573675,4.196498871,3.685052633,3.746708632,11.24012566,ON,2024-08-03 05:00:18,1836.0,61.83777618
3.43164897,4.223698616,3.66823554,3.774527788,11.3235836,ON,2024-08-03 05:00:23,1792.0,61.88863373
3.330079794,4.139053345,3.798141241,3.755758286,11.26727486,ON,2024-08-03 05:00:28,1845.0,61.9645462
3.578988552,4.2018466,3.680785656,3.82054019,11.46162033,ON,2024-08-03 05:00:33,1840.0,62.04896545
3.454756498,4.08630085,3.677031279,3.739362955,11.2180891,ON,2024-08-03 05:00:38,1839.0,62.17981339
3.32015419,4.172810555,3.771446705,3.754803896,11.26441193,ON,2024-08-03 05:00:43,1840.0,62.27838898
3.366834164,4.141640663,3.68220067,3.730225325,11.19067574,ON,2024-08-03 05:00:48,2093.0,62.31964111
4.073333263,5.084926605,4.641634464,4.599964619,13.79989433,ON,2024-08-03 05:00:53,1891.0,62.38115692
4.16128397,5.041582584,4.44587183,4.54957962,13.64873886,ON,2024-08-03 05:00:58,1600.0,62.44696808
3.393967628,4.420769215,3.813138723,3.875958443,11.62787533,ON,2024-08-03 05:01:03,1916.0,62.55937195
3.446323872,4.214085102,3.715917349,3.792108774,11.37632656,ON,2024-08-03 05:01:08,1617.0,62.62824249
3.422523499,4.371705055,3.828879356,3.874369383,11.62310791,ON,2024-08-03 05:01:13,1940.0,62.69768143
3.948457241,5.005146503,4.288075447,4.413893223,13.24167919,ON,2024-08-03 05:01:18,1693.0,62.75772476
4.125726223,5.07871294,4.535791397,4.580076694,13.74023056,ON,2024-08-03 05:01:23,1881.0,62.83978271
3.589535713,4.076864243,3.554287434,3.740229368,11.22068787,ON,2024-08-03 05:01:28,1654.0,62.93957901
3.350243092,4.205066681,13.71538258,7.090230942,21.27069283,ON,2024-08-03 05:01:33,1808.0,63.0075531
3.444852829,4.1998806,3.633095503,3.75927639,11.27782917,ON,2024-08-03 05:01:38,1849.0,63.0896492
5.113040447,6.012816906,5.524404049,5.550086975,16.65026093,ON,2024-08-03 05:01:43,1567.0,63.13669205
4.845952034,6.259725094,5.1367383,5.414138317,16.24241447,ON,2024-08-03 05:01:48,1999.0,63.20233917
3.900815248,4.877553463,4.342472076,4.373613834,13.12084103,ON,2024-08-03 05:01:53,1723.0,63.28690338
5.074549198,5.902385235,4.940027237,5.305654049,15.91696167,ON,2024-08-03 05:01:58,2032.0,63.36349106
4.911954403,6.092953205,4.924481392,5.309796333,15.929389,ON,2024-08-03 05:02:03,1611.0,63.42378235
4.396000385,4.659739971,4.192436218,4.416059017,13.24817657,ON,2024-08-03 05:02:08,1671.0,63.49934006
3.440820217,4.105191708,3.609997034,3.718669653,11.15600872,ON,2024-08-03 05:02:13,1938.0,63.58074188
3.459420443,4.30929184,3.910180569,3.892964125,11.67889214,ON,2024-08-03 05:02:18,1994.0,63.65554428
4.983158112,5.892502785,5.224636555,5.366765976,16.10029793,ON,2024-08-03 05:02:23,1923.0,63.73704529
5.854553223,7.418893337,6.309628487,6.527692318,19.58307648,ON,2024-08-03 05:02:28,1858.0,63.80583572
3.346696854,4.23842907,3.725509882,3.770211935,11.31063557,ON,2024-08-03 05:02:33,1821.0,63.90454483
3.485436678,4.209227085,3.664797544,3.786487341,11.35946178,ON,2024-08-03 05:02:38,1933.0,63.96847534
4.033793926,4.63065815,4.271824837,4.312092304,12.93627644,ON,2024-08-03 05:02:43,1831.0,64.02844238
4.88778019,5.988745689,5.066651344,5.314392567,15.94317722,ON,2024-08-03 05:02:48,1687.0,64.10691071
4.718849659,5.391501904,5.015135288,5.041828632,15.12548637,ON,2024-08-03 05:02:53,1966.0,64.1798172
3.435072422,4.373580456,3.803997755,3.870883703,11.61265087,ON,2024-08-03 05:02:58,1728.0,64.26586151
4.97456789,5.793518066,5.306789398,5.358291626,16.07487488,ON,2024-08-03 05:03:03,1505.0,64.43699646
4.768915176,5.905568123,5.060216904,5.244900227,15.7347002,ON,2024-08-03 05:03:08,1675.0,64.4597168
4.786259651,5.579887867,5.253232002,5.206459999,15.61938,ON,2024-08-03 05:03:13,1582.0,64.60862732
4.944981098,5.766925335,5.279479027,5.330461979,15.99138546,ON,2024-08-03 05:03:18,1572.0,64.61804199
5.103740692,5.643928051,5.118563652,5.28874445,15.86623287,ON,2024-08-03 05:03:23,1959.0,64.70727539
3.411746025,4.370571613,3.884206295,3.888841391,11.66652393,ON,2024-08-03 05:03:28,1867.0,64.77360535
3.280722618,4.010597229,3.746601343,3.679306984,11.03792095,ON,2024-08-03 05:20:39,1795.0,60.38265991
3.38063097,4.039020061,3.70671916,3.708790064,11.12637043,ON,2024-08-03 05:20:44,1803.0,60.33487701
5.13880825,5.765193939,5.302683353,5.402228832,16.20668602,ON,2024-08-03 05:20:49,2043.0,60.33322144
4.896188736,6.097338676,5.39008379,5.461204052,16.38361168,ON,2024-08-03 05:20:54,1685.0,60.27975464
4.899297714,5.664699554,5.41788578,5.32729435,15.98188305,ON,2024-08-03 05:20:59,1661.0,60.24803162
5.053420067,5.854138374,5.409133434,5.43889761,16.31669235,ON,2024-08-03 05:21:04,2041.0,60.32638168
5.18587923,5.933261395,5.294988155,5.471376419,16.41412926,ON,2024-08-03 05:21:09,1831.0,60.34632111
3.920088768,4.964161873,4.127661228,4.337303638,13.01191139,ON,2024-08-03 05:21:14,1702.0,60.34643173
3.338566065,4.100932598,3.642569065,3.694022417,11.08206749,ON,2024-08-03 05:21:19,1826.0,60.35458374
3.388110161,4.304013729,3.765944242,3.819355965,11.45806789,ON,2024-08-03 05:21:24,1600.0,60.45591354
5.004749298,6.160703659,5.381886482,5.515779972,16.54734039,ON,2024-08-03 05:21:29,1973.0,60.45002365
5.090894222,5.880188465,5.245310307,5.405464172,16.21639252,ON,2024-08-03 05:21:34,2022.0,60.53929901
3.344676256,4.061981201,3.612175226,3.672944069,11.01883221,ON,2024-08-03 05:21:39,1874.0,60.49084091
3.314526558,4.03665781,3.656720161,3.669301271,11.00790405,ON,2024-08-03 05:21:44,1835.0,60.58573151
3.323193789,3.924257994,3.519299507,3.588917017,10.76675129,ON,2024-08-03 05:21:49,1813.0,60.64670563
4.711612701,5.880062103,5.258112907,5.28326273,15.84978771,ON,2024-08-03 05:21:54,2086.0,60.77049637
4.833086014,5.818221569,5.205701351,5.285669804,15.85700989,ON,2024-08-03 05:21:59,1610.0,60.76772308
3.366389513,3.974411726,3.655612707,3.665471315,10.99641418,ON,2024-08-03 05:22:04,1842.0,60.84983444
4.162651062,5.191193581,4.67999506,4.677946568,14.03384018,ON,2024-08-03 05:22:09,2160.0,60.95491409
5.039097309,6.179634571,5.588898659,5.602543354,16.80763054,ON,2024-08-03 05:22:14,1926.0,61.00788879
5.416456223,5.714081287,5.484686852,5.538407803,16.61522293,ON,2024-08-03 05:22:19,1696.0,61.09236908
4.910826206,5.821764469,5.211694717,5.314761639,15.94428539,ON,2024-08-03 05:22:24,1777.0,61.17061996
4.903536797,5.940266609,5.212919712,5.352241039,16.05672264,ON,2024-08-03 05:22:29,2026.0,61.2449379
5.11039114,6.097151756,6.172878742,5.793473721,17.38042068,ON,2024-08-03 05:22:34,2000.0,61.34797668
3.516952753,4.042822361,3.511668682,3.690481186,11.07144356,ON,2024-08-03 05:22:39,1927.0,61.40799332
3.24283123,4.04191637,3.57345295,3.619400024,10.85820007,ON,2024-08-03 05:22:44,1788.0,61.58062363
3.378275633,4.12503624,3.505812645,3.669708252,11.00912476,ON,2024-08-03 05:22:49,1942.0,61.59217072
4.092490673,4.560947895,4.199975014,4.284471035,12.85341358,ON,2024-08-03 05:22:54,1584.0,61.66989899
3.991577864,4.910743237,4.29761219,4.399977684,13.19993305,ON,2024-08-03 05:22:59,1924.0,61.78023148
4.296612263,5.035721302,4.314225674,4.548852921,13.64655876,ON,2024-08-03 05:23:04,1901.0,61.84083557
3.244442225,3.950856924,3.689171076,3.628156662,10.88446999,ON,2024-08-03 05:23:09,1904.0,61.93601227
3.98911643,4.767519951,4.446478367,4.401038647,13.20311546,ON,2024-08-03 05:23:14,1925.0,62.04426956
4.172154903,4.84937048,4.383562088,4.468362331,13.40508747,ON,2024-08-03 05:23:19,1978.0,62.19527435
4.266755581,5.17927742,4.454755306,4.63359642,13.90078926,ON,2024-08-03 05:23:24,1963.0,62.24363708
3.242825747,4.063317776,3.755203009,3.687115669,11.06134701,ON,2024-08-03 05:23:29,2042.0,62.28012085
3.445347548,3.936699152,3.575080156,3.65237546,10.95712662,ON,2024-08-03 05:23:34,1877.0,62.3705368
3.467824697,4.025057793,3.550443172,3.681108475,11.04332542,ON,2024-08-03 05:23:39,1845.0,62.47000122
3.367344856,4.052776814,3.581690311,3.66727066,11.00181198,ON,2024-08-03 05:23:44,1727.0,62.5422287
3.316051006,4.067447186,3.611881971,3.665126801,10.9953804,ON,2024-08-03 05:23:49,1942.0,62.66629791
3.364427328,4.04786396,3.560834885,3.657708883,10.97312641,ON,2024-08-03 05:23:54,1769.0,62.7334137
3.394150019,4.187913418,3.527333975,3.703132629,11.10939789,ON,2024-08-03 05:23:59,1810.0,62.79985809
4.141300201,4.802779198,4.298154831,4.414078236,13.24223423,ON,2024-08-03 05:24:04,1792.0,62.93211746
4.183180809,4.702637672,4.248765945,4.378194809,13.13458443,ON,2024-08-03 05:24:09,1809.0,62.99433136
3.25886488,3.992517948,3.589510918,3.613631248,10.84089375,ON,2024-08-03 05:24:14,1827.0,63.09033203
3.872971296,4.759680271,4.301156998,4.311269283,12.93380833,ON,2024-08-03 05:24:19,2071.0,63.14731216
3.920646906,4.906859398,4.445477009,4.42432785,13.27298355,ON,2024-08-03 05:24:24,1840.0,63.22604752
4.02336216,5.284638405,4.438521385,4.582173824,13.74652195,ON,2024-08-03 05:24:29,1905.0,63.30776215
3.315741062,3.98000741,3.514557123,3.603435278,10.8103056,ON,2024-08-03 05:24:34,1852.0,63.38853836
3.405632973,4.099955082,3.675969362,3.727185965,11.18155766,ON,2024-08-03 05:24:39,1914.0,63.43743134
4.176347733,4.787941456,4.151020527,4.371769428,13.11530876,ON,2024-08-03 05:24:44,1727.0,63.53417206
4.072143078,4.769922256,4.311864853,4.384643555,13.15393066,ON,2024-08-03 05:24:49,1905.0,63.60717392
3.340596676,3.963997841,3.606641531,3.637078524,10.91123581,ON,2024-08-03 05:24:54,1817.0,63.67605209
3.819234371,4.597468853,4.041205406,4.152636051,12.45790863,ON,2024-08-03 05:24:59,1718.0,63.78924942
4.177919865,4.882900238,4.346148968,4.468989849,13.40696907,ON,2024-08-03 05:25:04,1808.0,63.84175491
4.302703857,4.912250519,4.389436722,4.534797192,13.6043911,ON,2024-08-03 05:25:09,1968.0,63.92036438
3.187849045,4.071535587,3.533338547,3.597574234,10.7927227,ON,2024-08-03 05:25:14,1814.0,63.97750473
4.663841724,5.367247105,4.906251907,4.979113579,14.93734074,ON,2024-08-03 05:25:57,1753.0,64.56403351
4.773560524,5.754455566,5.220341682,5.249452591,15.74835777,ON,2024-08-03 05:25:58,1717.0,64.5621109
3.307496548,3.985128641,3.597195864,3.629940271,10.88982105,ON,2024-08-03 05:26:03,1877.0,64.65734863
4.156109333,5.224898815,4.828236103,4.736414433,14.20924377,ON,2024-08-03 05:26:08,1987.0,64.73495483
4.582412243,5.54077816,4.794139385,4.972443104,14.91732979,ON,2024-08-03 05:26:13,1942.0,64.79292297
4.856847763,5.693736076,4.830592632,5.127058506,15.38117599,ON,2024-08-03 05:26:18,1934.0,64.85405731
3.500655651,4.108966827,3.559020758,3.722881079,11.168643,ON,2024-08-03 05:26:23,1776.0,64.94263458
4.603307724,5.867888927,5.167080879,5.212759495,15.63827801,ON,2024-08-03 05:26:28,1559.0,65.01271057
4.77485466,5.655664444,5.037795544,5.156105042,15.46831512,ON,2024-08-03 05:26:33,1709.0,65.12109375
3.238652229,4.175848484,3.767294407,3.72726512,11.18179512,ON,2024-08-03 05:26:38,1904.0,65.17403412
3.330087185,3.994036436,3.613301039,3.64580822,10.93742466,ON,2024-08-03 05:26:43,1793.0,65.24758148
3.46926856,4.053833008,3.533348322,3.685483217,11.05644989,ON,2024-08-03 05:26:48,1935.0,65.32089996
3.31236887,4.241579056,3.680134296,3.744693995,11.23408222,ON,2024-08-03 05:26:53,1901.0,65.42185974
3.253827095,4.017033577,3.64258337,3.63781476,10.91344452,ON,2024-08-03 05:26:58,1787.0,65.50671387
3.308273315,3.967969179,3.702877283,3.659706354,10.9791193,ON,2024-08-03 05:27:03,2029.0,65.59472656
3.324688673,3.967370749,3.62638998,3.639483213,10.9184494,ON,2024-08-03 05:27:08,1808.0,65.69203949
4.544723988,5.470394611,4.856164455,4.957094193,14.87128258,ON,2024-08-03 05:27:13,2007.0,65.72651672
4.411810398,5.59616518,5.166837215,5.058270931,15.17481232,ON,2024-08-03 05:27:18,1921.0,65.84500885
3.267554522,3.98703146,3.620612383,3.625066042,10.87519836,ON,2024-08-03 05:27:23,1789.0,65.90648651
4.723020554,5.664345741,5.186440468,5.191268921,15.57380676,ON,2024-08-03 05:27:28,2171.0,65.99684906
4.964167118,5.57433176,5.274490833,5.270996571,15.81299019,ON,2024-08-03 05:27:33,2134.0,66.1125412
3.320404768,4.064965725,3.544315815,3.643228531,10.92968559,ON,2024-08-03 05:27:38,1721.0,66.15655518
3.369495869,4.078974247,3.736389875,3.728286743,11.18486023,ON,2024-08-03 05:27:43,1903.0,66.31938171
4.734426498,5.625440598,5.008602142,5.122823238,15.36846924,ON,2024-08-03 05:27:48,1918.0,66.31170654
4.903402805,5.786658287,5.150839329,5.28030014,15.84090042,ON,2024-08-03 05:27:53,1678.0,66.42969513
5.34299612,6.09374094,5.535996914,5.657577991,16.97273445,ON,2024-08-03 05:27:58,1374.0,66.48301697
3.3796525,4.062921524,3.745662451,3.729412079,11.18823624,ON,2024-08-03 05:28:03,1714.0,66.57956696
4.420502663,5.552412033,5.005989552,4.992968082,14.97890472,ON,2024-08-03 05:28:08,1873.0,66.626297
5.048505306,5.682268143,5.371714592,5.36749649,16.10248947,ON,2024-08-03 05:28:13,1853.0,66.72988892
3.203870535,4.131197929,3.862924099,3.732664108,11.19799232,ON,2024-08-03 05:28:18,1780.0,66.89718628
3.285600185,4.041498661,3.544635296,3.623911619,10.87173462,ON,2024-08-03 05:28:23,1811.0,66.88647461
3.694585562,4.569518089,4.099431992,4.121178627,12.36353588,ON,2024-08-03 05:28:28,1613.0,66.97079468
4.147639275,4.844769478,4.259134293,4.417181015,13.25154305,ON,2024-08-03 05:28:33,1866.0,67.02703857
3.71032238,4.628750801,4.286252022,4.208441734,12.6253252,ON,2024-08-03 05:28:38,1981.0,67.1131134
3.330961227,3.965476036,3.767783165,3.688073397,11.06422043,ON,2024-08-03 05:28:43,1692.0,67.1931839
4.044062138,5.013762474,4.40318203,4.487002373,13.46100712,ON,2024-08-03 05:28:48,2075.0,67.30139923
3.97328496,4.840732574,4.568770885,4.460929394,13.3827877,ON,2024-08-03 05:28:53,2160.0,67.36227417
3.916426182,4.995854855,4.209746361,4.374009132,13.1220274,ON,2024-08-03 05:28:58,1695.0,67.50879669
3.242666006,4.094056129,3.693855286,3.67685914,11.03057766,ON,2024-08-03 05:29:03,1725.0,67.50666046
3.984547853,4.934510231,4.520540714,4.479866028,13.43959808,ON,2024-08-03 05:29:08,1673.0,67.58540344
4.180928707,4.931870461,4.381433487,4.498077393,13.49423218,ON,2024-08-03 05:29:13,1488.0,67.68444824
3.305082083,3.993717194,3.62251687,3.640438795,10.92131615,ON,2024-08-03 05:29:18,1859.0,67.76557159
3.30839467,3.913354635,3.647309303,3.623019457,10.86905861,ON,2024-08-03 05:29:23,1835.0,67.86003876
3.87827611,4.664132595,4.303429604,4.281946182,12.84583855,ON,2024-08-03 05:29:28,1918.0,67.90441132
4.042685032,4.85559988,4.469142914,4.455809116,13.36742783,ON,2024-08-03 05:29:33,1680.0,67.9776001
4.095484257,4.877563,4.408834457,4.460627079,13.38188171,ON,2024-08-03 05:29:38,1685.0,68.05636597
3.184771538,4.060631275,3.622442245,3.622615099,10.86784554,ON,2024-08-03 05:29:43,1862.0,68.18309784
3.38481164,4.400151253,3.865911484,3.883624792,11.65087414,ON,2024-08-03 05:33:03,2059.0,68.24887085
3.923743486,5.039234638,4.481377125,4.481451511,13.44435501,ON,2024-08-03 05:33:08,1705.0,68.25563812
4.080758095,5.180631161,5.075641632,4.779010296,14.33703041,ON,2024-08-03 05:33:13,1831.0,68.16199493
3.29785943,3.887085438,3.656502247,3.613816023,10.84144783,ON,2024-08-03 05:33:18,1830.0,68.08666229
3.952617645,4.871059895,4.305325985,4.376334667,13.12900352,ON,2024-08-03 05:33:23,1722.0,68.05625916
4.005191326,4.798760414,4.256111622,4.353353977,13.06006241,ON,2024-08-03 05:33:28,1921.0,68.03263855
3.237592936,4.146665573,3.757646799,3.713968277,11.14190483,ON,2024-08-03 05:33:33,1936.0,68.09209442
3.498354912,4.241992474,3.803414822,3.847920656,11.54376221,ON,2024-08-03 05:33:38,1777.0,68.01789856
4.00143528,4.810978889,4.259158611,4.357191086,13.07157326,ON,2024-08-03 05:33:43,1840.0,68.0271225
4.380953312,5.026949883,4.257293701,4.555065632,13.66519737,ON,2024-08-03 05:33:48,1809.0,68.07569122
3.22645545,4.068520069,3.590759516,3.628578186,10.88573456,ON,2024-08-03 05:33:53,1776.0,68.10347748
3.388833284,4.14202261,3.875925541,3.802260637,11.40678215,ON,2024-08-03 05:33:58,2012.0,68.15412903
4.150052547,4.783214569,4.383520603,4.438929081,13.31678772,ON,2024-08-03 05:34:03,1765.0,68.1498642
4.08147049,4.80474329,4.466841221,4.451017857,13.35305405,ON,2024-08-03 05:34:08,1747.0,68.18447876
3.189346075,3.949090004,3.741310596,3.626582384,10.87974739,ON,2024-08-03 05:34:13,1869.0,68.22988129
3.283496141,4.120784283,3.548591852,3.650957346,10.95287228,ON,2024-08-03 05:34:18,1979.0,68.35906982
3.333044767,4.023640633,3.640858889,3.665848017,10.99754429,ON,2024-08-03 05:34:23,1805.0,68.32857513
4.55122757,5.563330173,4.937613487,5.017390251,15.05217075,ON,2024-08-03 05:34:28,1831.0,68.38575745
4.628882885,5.608736992,5.212898254,5.15017271,15.45051765,ON,2024-08-03 05:34:33,1710.0,68.42802429
3.360993862,4.005349636,3.550061226,3.638801575,10.91640472,ON,2024-08-03 05:34:38,1835.0,68.55532074
4.548609257,5.360327721,4.970430374,4.959789276,14.87936783,ON,2024-08-03 05:34:43,1982.0,68.63788605
4.971720219,5.60639286,5.158302784,5.245471954,15.73641586,ON,2024-08-03 05:34:48,1954.0,68.6638031
4.924826622,6.131692886,5.573453903,5.543324947,16.62997437,ON,2024-08-03 05:34:53,2111.0,68.7088089
3.287691593,4.216884136,3.585968018,3.696847916,11.09054375,ON,2024-08-03 05:34:58,1744.0,68.71138763
3.199956656,4.18700552,3.741224766,3.709395647,11.12818718,ON,2024-08-03 05:35:03,1814.0,68.7844696
4.910831451,5.494289875,4.918373585,5.107831478,15.32349396,ON,2024-08-03 05:35:08,1664.0,68.83734894
4.841794014,5.819023132,5.13517952,5.265332222,15.79599667,ON,2024-08-03 05:35:13,1728.0,68.89774323
3.217315912,3.954205751,3.550822258,3.574114561,10.72234344,ON,2024-08-03 05:35:18,1861.0,68.97374725
4.63598156,5.340482235,4.9597435,4.978735447,14.93620682,ON,2024-08-03 05:35:23,1556.0,69.0275116
5.163000584,5.687099457,5.258750439,5.369616985,16.10885048,ON,2024-08-03 05:35:28,1936.0,69.08999634
3.291176796,3.946784496,3.591161489,3.609707594,10.82912254,ON,2024-08-03 05:35:33,1840.0,69.1526947
3.275818825,3.909433126,3.592164993,3.592472315,10.77741718,ON,2024-08-03 05:35:38,1742.0,69.22796631
3.273538589,3.93726778,3.511924982,3.574243784,10.72273159,ON,2024-08-03 05:35:43,1734.0,69.27625275
3.183847189,4.01899147,3.553815365,3.5855515,10.75665474,ON,2024-08-03 05:35:48,1725.0,69.34890747
3.281246185,4.022220135,3.598621368,3.634029388,10.90208817,ON,2024-08-03 05:35:53,1747.0,69.41429901
3.345855474,3.98605299,3.454452753,3.595453501,10.78636074,ON,2024-08-03 05:35:58,1743.0,69.48719788
3.722949743,4.287134171,3.713656902,3.907913923,11.72374153,ON,2024-08-03 05:36:03,1795.0,69.57331085
5.046389103,5.751240253,5.08065033,5.292759895,15.87827969,ON,2024-08-03 05:36:08,2005.0,69.70726013
4.748882771,5.608610153,5.520964622,5.292819023,15.87845707,ON,2024-08-03 05:36:13,1919.0,69.7027359
3.263111353,4.024367332,3.49019599,3.592558146,10.77767467,ON,2024-08-03 05:36:18,1751.0,69.75255585
4.349992752,5.387755394,4.614385605,4.784044743,14.35213375,ON,2024-08-03 05:36:23,1898.0,69.82049561
4.811652184,5.612370968,5.376084805,5.266702652,15.80010796,ON,2024-08-03 05:36:28,1962.0,69.87873077
4.891602993,6.408430576,5.20759058,5.502541065,16.50762367,ON,2024-08-03 05:36:33,1711.0,69.94624329
3.343464136,3.974411964,3.642163515,3.6533463,10.96003914,ON,2024-08-03 05:36:38,1826.0,70.09866333
4.609750748,5.862197399,5.12280035,5.198249817,15.59474945,ON,2024-08-03 05:36:43,1727.0,70.15106201
4.715473175,5.810551167,5.349906445,5.291976929,15.87593079,ON,2024-08-03 05:36:48,1745.0,70.18509674
3.3141222,3.962048054,3.588447571,3.621539354,10.8646183,ON,2024-08-03 05:36:53,1678.0,70.25478363
3.540580034,4.587464809,4.19645977,4.108168125,12.32450485,ON,2024-08-03 05:36:58,1917.0,70.33885193
5.024699211,5.626970291,5.124894619,5.258854389,15.77656364,ON,2024-08-03 05:37:03,1965.0,70.41299438
4.67287159,5.985629082,5.164614677,5.274371624,15.82311535,ON,2024-08-03 05:37:08,1774.0,70.46052551
3.414306641,3.970113039,3.495497227,3.626639128,10.87991714,ON,2024-08-03 05:37:13,1792.0,70.50999451
3.137901545,3.956697464,3.759806633,3.618135214,10.8544054,ON,2024-08-03 05:37:18,1842.0,70.51605988
4.067107677,4.935917854,4.246542454,4.416522503,13.24956703,ON,2024-08-03 05:37:23,2066.0,70.60266113
4.109614849,4.723931313,4.391484261,4.408343315,13.22502995,ON,2024-08-03 05:37:28,2095.0,70.66464996
3.265417099,3.99727726,3.58667326,3.616455793,10.84936714,ON,2024-08-03 05:37:33,1936.0,70.75041962
3.48678875,4.070806026,3.502908707,3.686834335,11.06050301,ON,2024-08-03 05:37:38,1872.0,70.85204315
3.891719818,4.773253918,4.464887619,4.37662077,13.12986183,ON,2024-08-03 05:37:43,1889.0,70.87529755
3.957520723,5.074591637,4.215897083,4.41600275,13.24800873,ON,2024-08-03 05:37:48,1840.0,70.9457016
3.277457237,3.969138145,3.639093399,3.628562927,10.88568878,ON,2024-08-03 05:37:53,1807.0,71.06248474
3.26352334,4.042738438,3.548100471,3.618120909,10.85436249,ON,2024-08-03 05:37:58,1726.0,71.09807587
4.186170101,4.817481995,4.197278023,4.40031004,13.2009306,ON,2024-08-03 05:38:03,1765.0,71.14781189
3.977213383,5.160783291,4.455802441,4.531266689,13.59379959,ON,2024-08-03 05:38:08,1795.0,71.21327972
3.468469143,4.132879257,3.656277657,3.75254178,11.25762558,ON,2024-08-03 05:38:13,1807.0,71.27101135
3.250849009,4.036383152,3.677927971,3.655053377,10.96516037,ON,2024-08-03 05:38:18,1725.0,71.34541321
4.1997118,5.004691124,4.297096729,4.500499725,13.50149918,ON,2024-08-03 05:38:23,1849.0,71.47506714
4.17747879,4.867699146,4.371480465,4.472219467,13.4166584,ON,2024-08-03 05:38:28,1575.0,71.50387573
3.419050217,4.514158726,4.179409027,4.037539005,12.11261749,ON,2024-08-03 05:38:33,1814.0,71.56565857
3.299081802,4.205095768,3.569038868,3.691072226,11.07321644,ON,2024-08-03 05:38:38,1886.0,71.60121918
3.288455963,3.972079992,3.534338474,3.598291397,10.79487419,ON,2024-08-03 05:38:43,1794.0,71.66143036
3.237186909,3.980382442,3.721628189,3.64639926,10.93919754,ON,2024-08-03 05:38:48,1858.0,71.78261566
3.22998929,4.143920422,3.747964382,3.707291365,11.12187386,ON,2024-08-03 05:38:53,2182.0,71.81357574
4.328857422,5.39210701,4.553367138,4.758110523,14.27433205,ON,2024-08-03 05:38:58,1808.0,71.84806824
3.310069561,3.919149637,3.61425066,3.614489794,10.84346962,ON,2024-08-03 05:39:03,1829.0,71.90061188
3.287340641,4.054019451,3.583482504,3.641614199,10.92484283,ON,2024-08-03 05:39:08,1776.0,72.06463623
3.339363337,4.085343838,3.595273733,3.673327208,11.01998138,ON,2024-08-03 05:39:13,1838.0,72.07498932
4.336606979,4.893142223,4.355900288,4.528549671,13.58564949,ON,2024-08-03 05:39:18,1687.0,72.09978485
4.165002823,5.199332714,4.554193497,4.639509678,13.91852951,ON,2024-08-03 05:39:23,1873.0,72.15143585
4.190948486,4.944056988,4.488973141,4.541326523,13.62397957,ON,2024-08-03 05:39:28,1905.0,72.20775604
3.405644655,4.041104794,3.526173115,3.657641172,10.97292328,ON,2024-08-03 05:39:33,1825.0,72.27787018
3.930813789,4.734799385,4.438005447,4.367872715,13.10361862,ON,2024-08-03 05:39:38,1937.0,72.34117889
4.229250431,4.890870571,4.254924297,4.458348751,13.37504578,ON,2024-08-03 05:39:43,1734.0,72.33184052
4.229609489,5.087468624,4.414721012,4.577266216,13.73179817,ON,2024-08-03 05:39:48,1966.0,72.44137573
3.304427385,4.221233845,3.676207304,3.733956337,11.20186901,ON,2024-08-03 05:39:53,1931.0,72.5425415
3.316676855,3.97660017,3.546178818,3.613151789,10.8394556,ON,2024-08-03 05:39:58,1766.0,72.60485077
3.468985558,4.013267517,3.505501509,3.66258502,10.98775482,ON,2024-08-03 05:40:03,1559.0,72.650177
4.913249493,5.696121693,4.921051025,5.176807404,15.53042221,ON,2024-08-03 05:40:08,1782.0,72.74417114
4.937459469,6.056724548,5.108760834,5.367648602,16.10294533,ON,2024-08-03 05:40:13,1600.0,72.74958038
5.186674595,5.876672268,5.845025539,5.636124134,16.90837288,ON,2024-08-03 05:40:18,2381.0,72.79097748
5.244130611,5.65148735,5.413933754,5.436517239,16.30955124,ON,2024-08-03 05:40:23,2000.0,72.83666992
5.172246933,6.190664291,5.387973309,5.583628178,16.75088501,ON,2024-08-03 05:40:28,1971.0,72.89949799
5.250683308,5.781135559,5.210604668,5.414141178,16.24242401,ON,2024-08-03 05:40:33,1776.0,72.99497986
3.198278904,4.206276417,3.664805412,3.689786911,11.06936073,ON,2024-08-03 05:40:38,1887.0,73.02243042
3.571581364,4.402676582,3.914253712,3.962837219,11.88851166,ON,2024-08-03 05:40:43,2094.0,73.14124298
3.271546125,4.051523685,3.568401814,3.630490541,10.89147186,ON,2024-08-03 05:40:58,1855.0,73.34925079
3.344429255,3.938621998,3.516692638,3.599914551,10.79974365,ON,2024-08-03 05:41:03,1786.0,73.30123138
3.314302444,4.257532597,3.677701712,3.749845505,11.24953651,ON,2024-08-03 05:41:08,1827.0,73.36380768
5.157891273,5.809988976,4.98568821,5.317856312,15.95356846,ON,2024-08-03 05:41:13,1591.0,73.48943329
5.240736008,6.101004601,4.998880863,5.446874142,16.34062195,ON,2024-08-03 05:41:18,2015.0,73.49700928
3.325632811,4.051446915,3.504347801,3.627142668,10.88142776,ON,2024-08-03 05:41:23,1714.0,73.61960602
3.53623724,4.598028183,3.896604776,4.010290146,12.03087044,ON,2024-08-03 05:41:28,1492.0,73.6452713
5.312703133,6.019032955,5.331567764,5.554434299,16.66330338,ON,2024-08-03 05:41:33,2061.0,73.70555878
5.148850441,6.103014469,5.410917759,5.554260731,16.66278267,ON,2024-08-03 05:41:38,1711.0,73.77544403
4.890968323,5.832433224,5.210360527,5.311254025,15.93376255,ON,2024-08-03 05:41:43,1808.0,73.80882263
5.506966114,6.342401505,5.301937103,5.717101574,17.15130424,ON,2024-08-03 05:41:48,1970.0,73.87524414
5.163135529,6.158780098,5.432078362,5.584664822,16.75399399,ON,2024-08-03 05:41:53,1872.0,73.93480682
3.411924124,4.042006016,3.473703623,3.642544508,10.92763329,ON,2024-08-03 05:41:58,2054.0,74.00934601
3.510879755,4.078291416,3.621400833,3.736857414,11.21057224,ON,2024-08-03 05:45:08,1837.0,74.21796417
4.707158566,5.547626019,5.03715086,5.097311497,15.29193497,ON,2024-08-03 05:45:13,1605.0,74.10578156
5.044525623,6.112163544,5.277523041,5.478070736,16.43421173,ON,2024-08-03 05:45:18,1446.0,74.10309601
5.12705946,5.729400158,5.379077911,5.411846161,16.23553848,ON,2024-08-03 05:45:23,1975.0,74.04220581
5.174602985,5.990554333,5.131984711,5.432380676,16.29714203,ON,2024-08-03 05:45:28,1495.0,74.00507355
5.083543301,6.072241306,5.44765377,5.534479618,16.60343933,ON,2024-08-03 05:45:33,1707.0,73.93955994
3.373778582,4.09216404,3.584940434,3.683627367,11.05088234,ON,2024-08-03 05:45:38,1955.0,73.9229126
3.336970091,4.089666367,3.695804596,3.707480431,11.12244129,ON,2024-08-03 05:45:43,1999.0,73.95866394
5.150631428,6.189245224,5.275001526,5.538292408,16.6148777,ON,2024-08-03 05:45:48,1553.0,73.94471741
5.57510519,5.901191711,5.196538925,5.557611942,16.6728363,ON,2024-08-03 05:45:53,1936.0,73.94034576
3.263209581,4.121388912,3.558302879,3.647633791,10.94290161,ON,2024-08-03 05:45:58,1737.0,74.03025818
3.296582222,4.104726791,3.453544617,3.618284464,10.85485363,ON,2024-08-03 05:46:03,1907.0,74.03078461
3.489599705,4.078160286,3.45939064,3.675717115,11.02715111,ON,2024-08-03 05:46:08,1805.0,74.07407379
4.973901272,5.908962727,5.194297791,5.359054089,16.07716179,ON,2024-08-03 05:46:13,1998.0,74.1256485
5.291602612,5.770824909,5.272128582,5.444852352,16.33455658,ON,2024-08-03 05:46:18,1617.0,74.1324234
3.304523468,3.909850121,3.575472593,3.596615553,10.78984642,ON,2024-08-03 05:46:23,1823.0,74.19405365
3.450026512,3.983097315,3.424996376,3.619373322,10.85811996,ON,2024-08-03 05:46:28,1887.0,74.23510742
3.361209393,4.294120312,3.551683426,3.735671043,11.20701313,ON,2024-08-03 05:46:33,1942.0,74.31381226
4.715295315,5.828090668,5.181234837,5.241540432,15.72462082,ON,2024-08-03 05:46:38,1807.0,74.41118622
4.927863598,5.696801662,5.25071907,5.291794777,15.87538433,ON,2024-08-03 05:46:43,1808.0,74.42469025
3.581568956,4.331973076,3.890097141,3.934546232,11.80363846,ON,2024-08-03 05:46:48,1940.0,74.49108887
5.132113457,6.277506828,5.248383522,5.552668095,16.65800476,ON,2024-08-03 05:46:53,1886.0,74.55288696
5.133100986,5.795758724,5.316652775,5.41517067,16.24551201,ON,2024-08-03 05:46:58,1520.0,74.6481781
3.3204,4.126467228,3.489634514,3.645500422,10.9365015,ON,2024-08-03 05:47:03,1807.0,74.72445679
3.32328248,3.967024326,3.486400127,3.592235565,10.7767067,ON,2024-08-03 05:47:08,1598.0,74.80337524
4.203283787,4.719127178,4.134740353,4.35238409,13.05715179,ON,2024-08-03 05:47:41,1879.0,75.18736267
4.309964657,4.815786362,4.236023426,4.453924656,13.36177444,ON,2024-08-03 05:47:44,1738.0,75.23267365
3.334516048,4.18242979,3.683616877,3.733520746,11.20056248,ON,2024-08-03 05:47:49,1734.0,75.27709961
3.225514889,3.992460489,3.593721867,3.603899002,10.81169701,ON,2024-08-03 05:47:54,1805.0,75.32519531
3.465642452,4.04252243,3.461246252,3.656470299,10.9694109,ON,2024-08-03 05:47:59,1855.0,75.4184494
3.257525444,4.021138668,3.535795689,3.604820013,10.8144598,ON,2024-08-03 05:48:04,1808.0,75.48246002
11.04057312,17.24590683,8.244541168,12.17700672,36.53102112,ON,2024-08-03 05:48:09,1765.0,75.48827362
3.206100702,4.151306629,3.708108187,3.688505173,11.06551552,ON,2024-08-03 05:48:14,1570.0,75.61784363
4.008934498,4.720763206,4.231556416,4.320417881,12.96125412,ON,2024-08-03 05:48:19,2119.0,75.69284821
4.054133892,4.707737923,4.143609524,4.301826954,12.90548134,ON,2024-08-03 05:48:24,1615.0,75.760849
3.254149437,4.005582809,3.539716721,3.599816322,10.79944897,ON,2024-08-03 05:48:29,1772.0,75.8371582
3.312559843,3.960722685,3.444065809,3.572449446,10.7173481,ON,2024-08-03 05:48:34,1858.0,75.92238617
3.762325287,4.766030312,4.345650196,4.291335583,12.87400627,ON,2024-08-03 05:48:39,1954.0,75.94985199
4.297574997,4.900312901,4.140155315,4.446014404,13.33804321,ON,2024-08-03 05:48:44,1744.0,76.00073242
4.10149622,4.681335449,4.201916695,4.328249454,12.98474789,ON,2024-08-03 05:48:49,1587.0,76.07215118
3.306191683,4.202406406,3.506775141,3.671791077,11.01537323,ON,2024-08-03 05:48:54,1861.0,76.13737488
3.622532129,4.111261368,3.510937691,3.74824357,11.24473095,ON,2024-08-03 05:48:59,1568.0,76.20366669
3.978699684,4.822938442,4.206722736,4.336120129,13.00835991,ON,2024-08-03 05:49:04,1554.0,76.25344849
4.028326988,5.104553223,4.322473049,4.485117435,13.45535278,ON,2024-08-03 05:49:09,1835.0,76.32228088
3.352146149,3.936472893,3.484743834,3.591120958,10.77336311,ON,2024-08-03 05:49:14,1840.0,76.37807465
3.456041098,4.239265919,3.745979309,3.81376195,11.44128609,ON,2024-08-03 05:49:19,1497.0,76.4703064
4.151614666,5.044240952,4.283979893,4.493278503,13.47983551,ON,2024-08-03 05:49:24,1878.0,76.514328
4.111974239,4.795511723,4.3478508,4.418445587,13.25533676,ON,2024-08-03 05:49:29,1715.0,76.55421448
3.263547897,4.038281441,3.532148361,3.611325979,10.8339777,ON,2024-08-03 05:49:34,1887.0,76.61183929
3.334341526,13.251091,15.47190666,10.68577957,32.05733871,ON,2024-08-03 05:49:39,1930.0,76.6722641
4.401973724,4.95015192,4.62907505,4.660399914,13.98120022,ON,2024-08-03 05:49:44,1895.0,76.73242188
4.61780405,5.527730942,4.922467709,5.022667408,15.0680027,ON,2024-08-03 05:49:49,1971.0,76.78725433
4.723599911,5.50244236,4.767753601,4.997931957,14.99379539,ON,2024-08-03 05:49:54,1808.0,76.85131073
3.257320166,4.103485584,3.583662033,3.648155928,10.94446754,ON,2024-08-03 05:49:59,1815.0,76.90747833
4.564985275,5.310909271,5.005272388,4.96038866,14.88116646,ON,2024-08-03 05:50:04,1666.0,76.96292877
5.034810066,5.506912231,4.969475746,5.170399189,15.51119804,ON,2024-08-03 05:50:09,1872.0,77.03761292
5.280576706,5.630358219,5.290583611,5.400506496,16.20151901,ON,2024-08-03 05:50:14,2070.0,77.0989151
3.488169432,4.002100945,3.538449287,3.676239967,11.0287199,ON,2024-08-03 05:50:19,1990.0,77.16287994
4.779902935,5.538284302,5.007847786,5.108678341,15.3260355,ON,2024-08-03 05:50:24,1699.0,77.19213867
4.841575146,5.599771976,5.041126728,5.160824299,15.48247337,ON,2024-08-03 05:50:29,1982.0,77.31980133
3.412219286,3.991755486,3.473916054,3.625963449,10.87789059,ON,2024-08-03 05:50:34,1877.0,77.30992889
4.343588352,4.9993186,4.402451038,4.581785679,13.74535751,ON,2024-08-03 05:50:39,1698.0,77.38256836
4.734372139,5.490119457,4.965696335,5.063395977,15.19018745,ON,2024-08-03 05:50:44,1627.0,77.42858124
4.653574467,5.721080303,5.111133575,5.161929607,15.48578835,ON,2024-08-03 05:50:49,2153.0,77.51717377
3.319695473,3.991607904,3.47512269,3.595475197,10.78642559,ON,2024-08-03 05:50:54,1769.0,77.55158234
3.317099333,3.94183445,3.572073698,3.610336065,10.83100796,ON,2024-08-03 05:50:59,1862.0,77.63394165
3.280263186,4.017799854,3.560727358,3.61959672,10.8587904,ON,2024-08-03 05:51:04,1770.0,77.73416138
3.479424477,3.97194314,3.420051813,3.623806238,10.87141895,ON,2024-08-03 05:51:09,1812.0,77.75447845
3.274671793,3.969888926,3.633210659,3.625923872,10.87777138,ON,2024-08-03 05:51:14,1781.0,77.81710052
3.281122923,4.210361481,3.652055025,3.714513063,11.14353943,ON,2024-08-03 05:51:19,1882.0,77.86551666
4.5669837,5.53004694,4.624777794,4.907269478,14.72180843,ON,2024-08-03 05:51:24,1567.0,77.91687012
4.755519867,5.517587662,4.837094784,5.036734104,15.11020279,ON,2024-08-03 05:51:29,2096.0,77.98426819
3.221256495,4.042030811,3.519151211,3.594146013,10.78243828,ON,2024-08-03 05:51:34,1807.0,78.05101776
4.196649551,5.328434944,4.605032444,4.710039139,14.13011742,ON,2024-08-03 05:51:39,1991.0,78.11481476
4.79024744,5.642306328,4.885882378,5.106145382,15.31843662,ON,2024-08-03 05:51:44,1725.0,78.17220306
4.972481728,5.824820042,4.82384491,5.207048893,15.62114716,ON,2024-08-03 05:51:49,1680.0,78.23439026
3.295428276,4.193150043,3.780053139,3.756210327,11.26863098,ON,2024-08-03 05:51:54,1805.0,78.28977966
4.702684879,5.914481163,4.878435135,5.16520071,15.49560165,ON,2024-08-03 05:51:59,1829.0,78.37097168
4.706888676,5.465293884,4.932529926,5.034904003,15.10471153,ON,2024-08-03 05:52:04,1857.0,78.42554474
3.507673264,4.025214672,3.433558226,3.655482054,10.96644592,ON,2024-08-03 05:52:09,1797.0,78.50249481
4.40997076,5.559360027,5.107770443,5.025700092,15.07710075,ON,2024-08-03 05:52:14,1790.0,78.53608704
4.82022953,5.51166296,4.893508434,5.075133801,15.22540092,ON,2024-08-03 05:52:19,2194.0,78.5986557
4.794009686,5.717586517,5.477338314,5.329645157,15.98893547,ON,2024-08-03 05:52:24,1764.0,78.66093445
3.371472597,3.953443527,3.556459427,3.627125025,10.88137531,ON,2024-08-03 05:52:29,1774.0,78.76530457
3.295164824,4.116477966,3.5668118,3.659484863,10.97845459,ON,2024-08-03 05:52:34,1802.0,78.79000092
4.141310215,4.697093487,4.249800205,4.362734318,13.08820343,ON,2024-08-03 05:52:39,1648.0,78.81074524
4.297087193,4.914287567,4.193369865,4.46824789,13.40474415,ON,2024-08-03 05:52:44,2127.0,78.91186523
3.347566366,4.194806099,3.498134136,3.680168867,11.04050636,ON,2024-08-03 05:52:49,1889.0,78.90242767
3.297531128,4.121637344,3.56983161,3.663000107,10.98900032,ON,2024-08-03 05:52:54,1809.0,79.04154205
3.911585331,4.78049469,4.312199116,4.334759235,13.00427818,ON,2024-08-03 05:52:59,2032.0,79.13975525
4.040495872,4.680983067,4.238474846,4.319984913,12.95995426,ON,2024-08-03 05:53:04,1939.0,79.14963531
4.312150955,4.825382233,4.090291977,4.409275055,13.22782516,ON,2024-08-03 05:53:09,2035.0,79.19809723
3.328023195,3.924096584,3.544667244,3.598929167,10.79678726,ON,2024-08-03 05:53:14,1884.0,79.25554657
4.308493137,4.701413631,4.127641201,4.379182816,13.13754845,ON,2024-08-03 05:53:19,1662.0,79.31878662
4.162988186,4.758389473,4.307159901,4.409512043,13.22853661,ON,2024-08-03 05:53:24,1931.0,79.37924957
3.234273434,4.029574871,3.7071383,3.656995535,10.97098637,ON,2024-08-03 05:53:29,1855.0,79.42280579
3.253637314,4.00940752,3.605072737,3.622705698,10.86811733,ON,2024-08-03 05:53:34,1746.0,79.48582458
4.006611347,4.869549274,4.145894527,4.340684891,13.02205467,ON,2024-08-03 05:53:39,1616.0,79.54006958
4.123342514,4.718665123,4.218281746,4.353429794,13.06028938,ON,2024-08-03 05:53:44,2098.0,79.5991745
4.111953259,4.830124855,4.419992447,4.454023361,13.36207008,ON,2024-08-03 05:53:49,1938.0,79.69304657
3.311483145,4.030529499,3.419045448,3.587019205,10.76105785,ON,2024-08-03 05:53:54,1789.0,79.72803497
4.190432072,4.982701302,4.149169445,4.440767765,13.32230377,ON,2024-08-03 06:11:53,1839.0,72.73340607
3.496508598,4.107478142,3.499414206,3.701133728,11.10340118,ON,2024-08-03 06:11:56,1873.0,72.70822144
3.225788355,4.091891766,3.539934874,3.619205236,10.85761547,ON,2024-08-03 06:12:01,1571.0,72.62941742
4.03161478,4.82679081,4.168228149,4.342211246,13.02663422,ON,2024-08-03 06:12:06,1565.0,72.64347076
4.06117487,4.799687862,4.123197556,4.328020096,12.98406029,ON,2024-08-03 06:12:11,1782.0,72.658638
3.288982868,3.904766083,3.459377766,3.551042318,10.65312672,ON,2024-08-03 06:12:16,1843.0,72.6941452
3.359317303,4.152764797,3.463430643,3.658504248,10.9755125,ON,2024-08-03 06:12:21,1875.0,72.72936249
3.930132866,4.639621735,4.313044071,4.294266224,12.88279915,ON,2024-08-03 06:12:26,1767.0,72.76586151
4.243013382,4.898474216,4.250584602,4.464024067,13.39207172,ON,2024-08-03 06:12:31,2010.0,72.82006073
3.332560062,4.161634445,3.492340565,3.662178278,10.98653507,ON,2024-08-03 06:12:36,1956.0,72.89057922
3.302165031,4.135039806,3.464340687,3.633848429,10.90154552,ON,2024-08-03 06:12:41,1934.0,72.94657898
3.499457121,4.028835297,3.427431107,3.651907921,10.95572376,ON,2024-08-03 06:12:46,1926.0,73.0094986
4.148350239,5.05347681,4.463307381,4.555044651,13.66513443,ON,2024-08-03 06:12:51,1929.0,73.03740692
4.580926418,5.300292492,5.08160305,4.987607479,14.96282196,ON,2024-08-03 06:12:56,1762.0,73.13711548
4.878857613,5.568720818,5.149528503,5.199035645,15.59710693,ON,2024-08-03 06:13:01,1997.0,73.16004181
3.292050123,3.904054165,3.479815006,3.558639526,10.67591858,ON,2024-08-03 06:13:06,1904.0,73.22246552
4.30973959,5.293324471,4.934072971,4.845712185,14.53713608,ON,2024-08-03 06:13:11,1810.0,73.2886734
4.801401615,5.465189934,5.091772556,5.119454861,15.35836411,ON,2024-08-03 06:13:16,2004.0,73.41868591
5.0265522,5.545794487,5.042064667,5.204803944,15.61441135,ON,2024-08-03 06:13:21,1455.0,73.44680023
3.295775175,3.943319559,3.394270182,3.544454813,10.63336468,ON,2024-08-03 06:13:26,1841.0,73.48922729
3.248673677,4.152424335,3.697697401,3.699598551,11.09879589,ON,2024-08-03 06:13:31,1856.0,73.57296753
4.559514046,5.50638628,5.027616501,5.031172276,15.0935173,ON,2024-08-03 06:13:36,1915.0,73.66981506
4.908090115,5.461925983,5.190481186,5.186832428,15.56049728,ON,2024-08-03 06:13:41,1874.0,73.77497864
4.185947895,4.029077053,3.483856201,3.89962697,11.69888115,ON,2024-08-03 06:13:46,1803.0,73.78231049
3.486568451,4.5070467,3.823403835,3.93900609,11.81701851,ON,2024-08-03 06:13:51,1832.0,73.84970093
4.848958492,5.680426121,4.941433907,5.156939507,15.47081852,ON,2024-08-03 06:13:56,1997.0,73.94551849
4.919077873,5.798374653,4.896653175,5.2047019,15.61410618,ON,2024-08-03 06:14:01,1841.0,73.98776245
3.226690292,3.981642485,3.50979495,3.572709322,10.7181282,ON,2024-08-03 06:14:06,1791.0,74.07682037
3.306608915,3.987142563,3.546310902,3.613354445,10.8400631,ON,2024-08-03 06:14:11,1819.0,74.22250366
3.281342983,4.052026749,3.427685738,3.587018251,10.76105499,ON,2024-08-03 06:14:16,1821.0,74.20585632
3.186012268,3.939647198,3.624402761,3.583353996,10.75006199,ON,2024-08-03 06:14:21,1744.0,74.28909302
3.342704296,4.028520107,3.48097086,3.6173985,10.85219574,ON,2024-08-03 06:14:26,1902.0,74.38868713
3.197226048,4.076076031,3.555358171,3.609553337,10.82866001,ON,2024-08-03 06:14:31,1745.0,74.42884827
3.460457325,4.060003281,3.47393012,3.664796829,10.99439049,ON,2024-08-03 06:14:36,1663.0,74.5437088
4.745446682,5.245535851,4.603188038,4.864723206,14.59416962,ON,2024-08-03 06:14:41,1929.0,74.60712433
4.819212914,5.257614136,4.983646393,5.020157814,15.06047344,ON,2024-08-03 06:14:46,2080.0,74.75291443
3.274918795,4.1380229,3.467255354,3.626732588,10.88019753,ON,2024-08-03 06:14:51,1825.0,74.75725555
4.598571777,5.562603951,4.807957649,4.989711285,14.96913338,ON,2024-08-03 06:14:56,1840.0,74.82453156
4.9183321,5.280709267,5.015244007,5.071428299,15.2142849,ON,2024-08-03 06:15:01,1900.0,74.90984344
3.180585146,3.917600632,3.629981995,3.576055765,10.72816753,ON,2024-08-03 06:15:06,1845.0,74.97562408
3.398339748,4.283344269,3.732894659,3.8048594,11.41457844,ON,2024-08-03 06:15:11,1806.0,75.11198425
4.714962959,5.663334846,4.929412365,5.102570057,15.30771065,ON,2024-08-03 06:15:16,1762.0,75.11592865
4.725317478,5.603522778,5.316923141,5.215254307,15.6457634,ON,2024-08-03 06:15:21,1873.0,75.23395538
3.302213907,4.217712402,3.487331629,3.669085741,11.00725746,ON,2024-08-03 06:15:26,1984.0,75.28299713
4.78858614,5.552202702,4.898312092,5.07970047,15.23910141,ON,2024-08-03 06:15:31,1998.0,75.33082581
5.068566799,5.827088833,4.905625343,5.267093658,15.80128098,ON,2024-08-03 06:15:36,1935.0,75.40795135
5.036409378,5.705722332,5.109618664,5.28391695,15.85175133,ON,2024-08-03 06:15:41,1437.0,75.48239899
3.192195177,4.006795883,3.660463095,3.619817972,10.85945415,ON,2024-08-03 06:15:46,1814.0,75.56130981
3.244737864,3.981058121,3.675549269,3.633781672,10.90134525,ON,2024-08-03 06:15:51,1826.0,75.643013
4.203969955,4.711884975,4.109179974,4.341678619,13.02503586,ON,2024-08-03 06:15:56,1746.0,75.74356842
3.936799049,4.793072701,4.277498245,4.335790157,13.00737,ON,2024-08-03 06:16:01,1530.0,75.78112793
3.287830591,4.047866821,3.538382292,3.624693155,10.8740797,ON,2024-08-03 06:16:06,1969.0,75.86152649
3.990508318,4.848246098,4.162830353,4.333861828,13.00158501,ON,2024-08-03 06:16:11,2157.0,75.93935394
3.987745523,4.701017857,4.264135361,4.317633152,12.95289898,ON,2024-08-03 06:16:16,1636.0,76.04057312
4.20045042,4.879346848,4.278738022,4.452845097,13.35853577,ON,2024-08-03 06:16:21,1698.0,76.08060455
3.29669404,3.914315701,3.542826176,3.584611893,10.75383568,ON,2024-08-03 06:16:26,1817.0,76.16331482
3.294391632,4.110260487,3.535917282,3.646856308,10.94056892,ON,2024-08-03 06:16:31,1831.0,76.22840881
4.068463802,4.991189003,4.401358604,4.487003803,13.46101093,ON,2024-08-03 06:16:36,1811.0,76.3093338
4.133733273,4.737892151,4.282758713,4.384794712,13.15438461,ON,2024-08-03 06:16:41,1765.0,76.43051147
3.343323469,3.901405573,3.430798769,3.558509111,10.67552757,ON,2024-08-03 06:16:46,1823.0,76.46522522
3.542448759,4.095282078,3.603332758,3.74702096,11.24106312,ON,2024-08-03 06:16:51,1731.0,76.54190826
4.064548969,5.126851559,4.443523884,4.544974804,13.63492393,ON,2024-08-03 06:16:56,1584.0,76.64379883
4.099612713,4.865110874,4.357277393,4.440666676,13.3220005,ON,2024-08-03 06:17:01,1854.0,76.67145538
3.251205206,3.968615294,3.592584133,3.604134798,10.81240463,ON,2024-08-03 06:17:06,1733.0,76.74946594
3.338833094,3.913357258,3.541903734,3.598031282,10.79409409,ON,2024-08-03 06:17:11,1824.0,76.81564331
3.471285105,3.957946301,3.416919947,3.615383863,10.84615135,ON,2024-08-03 06:17:16,1664.0,76.88831329
3.319750071,4.0068717,3.426212788,3.584278107,10.75283432,ON,2024-08-03 06:17:21,1803.0,76.96472168
3.486564875,4.018043995,3.432170153,3.645592928,10.93677902,ON,2024-08-03 06:17:26,1799.0,77.02936554
3.324894667,3.872038841,3.460121632,3.552351713,10.6570549,ON,2024-08-03 06:17:31,1842.0,77.10540771
3.25551939,3.919785023,3.553249359,3.576184511,10.72855377,ON,2024-08-03 06:17:36,1706.0,77.17796326
3.26624012,3.980978251,3.513844252,3.587020874,10.76106262,ON,2024-08-03 06:17:41,1808.0,77.23602295
3.306169271,3.871410131,3.434734344,3.537438154,10.61231422,ON,2024-08-03 06:17:46,1749.0,77.31629181
3.247122526,4.153051376,3.673081636,3.6910851,11.07325554,ON,2024-08-03 06:17:51,1616.0,77.38610077
3.455418825,3.980171919,3.439651966,3.625080824,10.87524223,ON,2024-08-03 06:17:56,1893.0,77.45115662
3.58611083,4.124938488,3.523367167,3.744805336,11.23441601,ON,2024-08-03 06:30:04,1598.0,73.52252197
3.999382496,4.810957909,4.206620693,4.33898735,13.01696205,ON,2024-08-03 06:30:09,1631.0,73.4821167
4.138883591,4.916356564,4.203848839,4.419696331,13.25908947,ON,2024-08-03 06:30:14,1899.0,73.44063568
3.220125437,3.950074911,3.428877592,3.53302598,10.59907818,ON,2024-08-03 06:30:19,1752.0,73.38538361
3.248807907,3.954063892,3.463217974,3.555363417,10.66609001,ON,2024-08-03 06:30:24,1776.0,73.34702301
3.220496893,4.006140232,3.458564043,3.561733484,10.68520069,ON,2024-08-03 06:30:29,1850.0,73.38299561
3.185750246,3.964854002,3.447600603,3.532734871,10.59820461,ON,2024-08-03 06:30:34,1713.0,73.35134888
3.237320662,3.985073805,3.439306736,3.55390048,10.6617012,ON,2024-08-03 06:30:39,1828.0,73.36938477
3.437838316,3.903244257,3.355083227,3.56538868,10.69616604,ON,2024-08-03 06:30:44,1828.0,73.32807159
3.243882656,4.020103455,3.495070934,3.586352348,10.75905704,ON,2024-08-03 06:32:14,1714.0,73.54182434
4.063524723,4.914212704,4.266396999,4.414711475,13.2441349,ON,2024-08-03 06:32:19,1779.0,73.55516815
4.299149513,4.670589447,4.281646252,4.417128086,13.25138474,ON,2024-08-03 06:32:24,1936.0,73.53164673
3.374533653,3.952996969,3.424313784,3.583948135,10.75184441,ON,2024-08-03 06:32:29,1814.0,73.4667511
3.19929266,3.966462851,3.447304249,3.537686586,10.61306,ON,2024-08-03 06:32:34,1814.0,73.36563873
3.207041264,3.945389271,3.428351164,3.526927233,10.58078194,ON,2024-08-03 06:32:39,1791.0,73.35842133
4.599130154,5.331586361,4.877008438,4.935908318,14.80772495,ON,2024-08-03 06:32:44,1834.0,73.35520935
5.028644085,5.957709789,5.17162323,5.385992527,16.15797806,ON,2024-08-03 06:32:49,1864.0,73.34854126
5.388038635,6.116000175,5.381569862,5.628536224,16.88560867,ON,2024-08-03 06:32:54,1996.0,73.35144806
5.348908901,5.962569237,5.007710934,5.439729691,16.31918907,ON,2024-08-03 06:32:59,1657.0,73.40534973
3.265630722,4.079126358,3.575530291,3.640095711,10.92028713,ON,2024-08-03 06:33:04,1777.0,73.4265213
5.356865406,6.063314438,5.641787529,5.68732214,17.06196594,ON,2024-08-03 06:33:09,1419.0,73.45791626
3.260720015,3.842215776,3.434262514,3.512399435,10.53719807,ON,2024-08-03 06:33:14,1694.0,73.53337097
4.578537941,5.891258717,5.261802673,5.243866444,15.73159981,ON,2024-08-03 06:33:19,1832.0,73.58074951
5.398426533,5.963005066,5.304902077,5.555444241,16.66633224,ON,2024-08-03 06:33:24,1882.0,73.60437012
3.440664053,4.094082832,3.353521347,3.629422903,10.88826847,ON,2024-08-03 06:33:29,1754.0,73.70100403
3.227876186,3.961751461,3.428053617,3.539227247,10.6176815,ON,2024-08-03 06:33:34,1819.0,73.74749756
3.145465612,4.017064571,3.400724411,3.521084785,10.56325436,ON,2024-08-03 06:33:39,1759.0,73.79524231
3.824367285,4.493442535,3.957137823,4.091649532,12.27494812,ON,2024-08-03 06:33:44,1840.0,73.85845947
5.080824852,6.176168919,5.451395035,5.569463253,16.70838928,ON,2024-08-03 06:33:49,1757.0,73.99507141
5.28625679,5.816327095,5.537972927,5.546852112,16.64055634,ON,2024-08-03 06:33:54,1892.0,74.01914978
3.231125832,3.882755041,3.524002075,3.545961142,10.63788319,ON,2024-08-03 06:33:59,1935.0,74.11692047
5.229418755,5.649009705,5.173485756,5.350637913,16.05191422,ON,2024-08-03 06:34:04,1918.0,74.20372772
5.440327644,5.72657156,5.238539219,5.468479156,16.40543747,ON,2024-08-03 06:34:09,2034.0,74.27980804
3.389198065,4.068235397,3.7091856,3.722206354,11.1666193,ON,2024-08-03 06:34:14,2155.0,74.39821625
5.016169548,5.859654427,5.136936188,5.33758688,16.01276016,ON,2024-08-03 06:34:19,2212.0,74.41417694
4.964691639,5.940637112,5.336379528,5.41390276,16.24170876,ON,2024-08-03 06:34:24,1435.0,74.45110321
4.059161663,4.500747681,4.200213909,4.253374577,12.76012421,ON,2024-08-03 06:34:29,1775.0,74.6056366
3.339003801,3.987180471,3.465320826,3.597168207,10.79150486,ON,2024-08-03 06:37:34,1696.0,75.11553955
4.511641979,5.143825054,4.443476677,4.699647903,14.09894371,ON,2024-08-03 06:37:39,1873.0,75.06947327
4.53480196,5.698217869,5.065971375,5.099663734,15.2989912,ON,2024-08-03 06:37:44,1889.0,75.01091766
4.132162094,5.233342171,4.549636841,4.638380527,13.91514111,ON,2024-08-03 06:37:49,1744.0,74.9684906
4.788885593,5.539698124,4.771484375,5.03335619,15.10006809,ON,2024-08-03 06:37:54,1639.0,74.93488312
3.291641951,4.072277069,3.567755222,3.643891573,10.93167496,ON,2024-08-03 06:37:59,1686.0,74.91836548
4.92865324,5.495675564,5.101472378,5.175266743,15.5258007,ON,2024-08-03 06:38:04,1904.0,74.89044952
3.405228138,3.98638916,3.408169508,3.599928856,10.79978657,ON,2024-08-03 06:38:09,1691.0,74.89884186
3.453468561,4.000451088,3.367737055,3.607218742,10.82165623,ON,2024-08-03 06:38:14,2030.0,74.93820953
4.936536789,5.6755023,5.040678024,5.217572689,15.65271759,ON,2024-08-03 06:38:19,2118.0,74.95150757
4.829527855,5.819750309,5.48975563,5.379678249,16.13903427,ON,2024-08-03 06:38:24,2121.0,74.96594238
3.316085339,3.898126841,3.413413286,3.542541742,10.62762547,ON,2024-08-03 06:38:29,1846.0,74.98764038
3.198595762,3.913635254,3.426492453,3.512907982,10.53872395,ON,2024-08-03 06:38:34,1811.0,75.03130341
3.359876633,4.006850719,3.464805603,3.610511065,10.83153343,ON,2024-08-03 06:38:39,1641.0,75.12985992
3.292821169,3.961049557,3.5838902,3.612586975,10.83776093,ON,2024-08-03 06:38:44,1553.0,75.12781525
4.793329716,5.681236744,5.173913956,5.216160297,15.64848042,ON,2024-08-03 06:38:49,1811.0,75.1689682
4.865118504,5.782355309,4.862307549,5.16992712,15.50978184,ON,2024-08-03 06:38:54,2082.0,75.23366547
3.160836697,4.045125961,3.459976673,3.55531311,10.66593933,ON,2024-08-03 06:38:59,1794.0,75.31034851
4.796779633,5.543077469,4.770391941,5.036749363,15.11024857,ON,2024-08-03 06:39:04,1737.0,75.34751892
5.190527916,5.608084202,4.908524036,5.235712051,15.70713615,ON,2024-08-03 06:39:09,1900.0,75.40412903
5.217681408,5.649674416,4.736595154,5.201316833,15.6039505,ON,2024-08-03 06:39:14,1990.0,75.46027374
5.024644375,5.545670509,4.75773859,5.109350681,15.32805252,ON,2024-08-03 06:39:19,1834.0,75.53890991
4.996893883,5.732211113,4.752592087,5.160565853,15.48169708,ON,2024-08-03 06:39:24,1776.0,75.6160202
4.899568558,5.627510548,5.18611145,5.237730026,15.71319008,ON,2024-08-03 06:39:29,2096.0,75.65835571
3.39039588,3.964419127,3.414003134,3.589606047,10.7688179,ON,2024-08-03 06:39:34,1762.0,75.72951508
3.211791754,3.950204849,3.468830109,3.543608904,10.63082695,ON,2024-08-03 06:39:39,1776.0,75.82775116
3.158457994,4.034348488,3.362647057,3.518484354,10.5554533,ON,2024-08-03 06:39:44,1807.0,75.91215515
4.020513535,4.712447166,4.022114277,4.251691818,12.75507545,ON,2024-08-03 06:39:49,2038.0,75.93870544
3.957528591,4.649921894,4.076699734,4.228050232,12.6841507,ON,2024-08-03 06:39:54,1915.0,76.00417328
3.245368004,3.923511505,3.380456924,3.516445398,10.54933643,ON,2024-08-03 06:39:59,1899.0,76.14225769
3.223008156,4.200969219,3.56313467,3.662370682,10.98711205,ON,2024-08-03 06:40:04,1782.0,76.16815186
3.878502369,4.664935112,4.287976742,4.277138233,12.83141518,ON,2024-08-03 06:40:09,1987.0,76.21782684
4.051677704,4.620575905,3.99409914,4.222117901,12.66635323,ON,2024-08-03 06:40:14,1776.0,76.32273102
3.322182178,3.928211689,3.298983097,3.516459227,10.54937744,ON,2024-08-03 06:40:19,1842.0,76.39587402
3.351079941,3.972985506,3.259832859,3.527966261,10.58389854,ON,2024-08-03 06:40:24,1692.0,76.43776703
3.228158712,3.982713938,3.321549416,3.510807276,10.53242207,ON,2024-08-03 06:40:29,1904.0,76.52842712
3.242001057,4.032401562,3.381083965,3.5518291,10.65548706,ON,2024-08-03 06:40:34,1677.0,76.55784607
3.249751568,4.075801849,3.424334049,3.583295822,10.74988747,ON,2024-08-03 06:40:39,1822.0,76.63117981
15.88805008,13.80038548,3.576520205,11.08831787,33.26495361,ON,2024-08-03 06:40:44,1712.0,76.61347198
3.169112444,4.096301556,3.580293417,3.615236044,10.84570789,ON,2024-08-03 06:40:49,1744.0,76.75657654
4.033242226,4.603933334,4.003784657,4.213653564,12.64096069,ON,2024-08-03 06:40:54,1593.0,76.8260498
4.274424553,4.606710911,4.137662888,4.339599609,13.01879883,ON,2024-08-03 06:40:59,1805.0,76.89025879
3.283138514,3.995478153,3.318069935,3.532229185,10.59668732,ON,2024-08-03 06:41:04,1677.0,76.97205353
3.780643463,4.597933769,4.159809113,4.179461956,12.53838634,ON,2024-08-03 06:41:09,1470.0,77.02332306
3.867521286,4.636392593,4.173326492,4.225746632,12.67724037,ON,2024-08-03 06:41:14,1850.0,77.15713501
4.002846718,4.534940243,4.180446625,4.239410877,12.71823311,ON,2024-08-03 06:41:19,1615.0,77.19696045
3.214203596,3.953526258,3.326440096,3.49805665,10.49417019,ON,2024-08-03 06:41:24,1772.0,77.22291565
3.249919891,4.237924576,3.42479682,3.637547255,10.91264153,ON,2024-08-03 06:41:29,1922.0,77.28581238
4.015164852,4.653662205,4.033085823,4.233971119,12.70191288,ON,2024-08-03 06:41:34,1885.0,77.35482788
3.992476702,4.725975513,4.205482006,4.307978153,12.92393494,ON,2024-08-03 06:41:39,1750.0,77.42779541
3.778179407,4.559951782,4.047584534,4.128571987,12.38571548,ON,2024-08-03 06:41:44,1885.0,77.4910202
4.332759857,4.734743118,4.155714512,4.407739162,13.22321701,ON,2024-08-03 06:41:59,2148.0,77.65982056
4.264550686,4.847290039,4.109362602,4.407067776,13.2212038,ON,2024-08-03 06:42:01,1567.0,77.68291473
4.155063152,4.72379303,4.252074718,4.376977444,13.13093185,ON,2024-08-03 06:42:06,1663.0,77.76771545
3.277655125,3.880594492,3.424503326,3.527584314,10.58275318,ON,2024-08-03 06:42:11,2031.0,77.82615662
3.177335978,4.204715252,3.49856782,3.626873016,10.88061905,ON,2024-08-03 06:42:16,1925.0,77.9021759
4.569826126,5.163279057,4.314860821,4.682655334,14.047966,ON,2024-08-03 06:42:21,1623.0,77.97467804
4.280688286,5.276699066,4.687886715,4.74842453,14.24527359,ON,2024-08-03 06:42:26,1733.0,78.04012299
4.506665707,5.197151184,4.66859293,4.790803432,14.37240982,ON,2024-08-03 06:42:31,2104.0,78.11073303
3.217980623,4.119605541,3.614657402,3.650748014,10.9522438,ON,2024-08-03 06:42:36,1984.0,78.19385529
3.475063324,4.050302029,3.401796579,3.64238739,10.92716217,ON,2024-08-03 06:42:41,1650.0,78.23697662
3.293937683,3.977743149,3.405108452,3.558929682,10.67678928,ON,2024-08-03 06:42:46,1829.0,78.25843811
3.533293247,4.251430511,3.895969868,3.893564463,11.68069363,ON,2024-08-03 06:42:51,1904.0,78.28045654
4.496581554,5.383905888,4.736208439,4.87223196,14.6166954,ON,2024-08-03 06:42:56,1699.0,78.36095428
4.749901772,5.691609859,4.89645052,5.112653732,15.3379612,ON,2024-08-03 06:43:01,2071.0,78.39788818
3.433232784,4.019150257,3.312252283,3.588211775,10.76463509,ON,2024-08-03 06:43:06,1796.0,78.51023102
4.53096962,5.20956707,4.452968597,4.73116827,14.19350529,ON,2024-08-03 06:43:11,1482.0,78.5716629
4.571832657,5.511396885,4.752518654,4.945249081,14.83574772,ON,2024-08-03 06:43:16,1899.0,78.57705688
4.479165554,5.441528797,4.632347584,4.85101366,14.55304146,ON,2024-08-03 06:43:21,1449.0,78.66750336
3.348484755,4.068538189,3.242399216,3.55314064,10.65942192,ON,2024-08-03 06:43:26,1694.0,78.7670517
4.86717844,5.281202793,4.527896404,4.892092228,14.67627716,ON,2024-08-03 06:43:31,1872.0,78.77115631
4.649529934,5.122044563,4.710672379,4.827415466,14.4822464,ON,2024-08-03 06:43:36,1680.0,78.8110733
3.34328723,4.18614912,3.456288338,3.66190815,10.98572445,ON,2024-08-03 06:43:41,1873.0,78.87631989
